SiteNo,AverageTraffic,AverageNeutrality,Records
1001,16726.985214671597,,3517
100101,14443.3265993266,80.59549859275884,297
1002,16736.30627640314,,3314
100201,5175.430997876858,92.43301490778151,942
100301,3177.5485592315904,91.48665582344965,937
100401,3165.0206746463546,92.22989857547282,919
100501,2964.073705179283,89.9709074692467,1004
100502,2816.6699900299104,89.09187997226034,1003
100601,3266.0652173913045,89.48473019020938,1012
100602,3242.486166007905,89.5243358559291,1012
100701,929.1710144927537,84.67839116596933,345
100702,1117.5449275362319,84.98554478476437,345
100801,4869.326116373478,88.68363603327118,739
100802,4178.252024291498,85.63528062023991,988
101,14271.4490797546,75.5084890500811,4075
101901,8699.34362934363,,259
101902,8635.822393822395,,259
102,14269.00567340898,76.31623332454546,4054
10201,8415.70548665125,85.150876826601,4757
10202,7423.290322580645,67.7661076254794,4774
10301,4068.679920913884,82.7562384795425,4552
10302,4222.229128856624,82.60728365794772,4408
10401,8153.792490118577,86.14970682166965,3542
10402,8079.798157453936,85.60579186152277,3582
10501,10932.678303303303,90.54606984140244,5328
10502,10900.38286252354,90.59058611859189,5310
10601,11411.03415127751,91.05494411033435,3953
10602,10477.001273560876,66.88250403940964,3926
106601,6504.101103863522,55.46312566953208,3986
106602,5565.702386872203,79.60931300470916,4022
106603,778.911809815951,79.95942944074044,5216
106604,7757.699059561129,3.0508474576271185,3190
107101,7928.125026899074,85.50762432067916,4647
107102,9032.526134652613,88.32208844041999,4649
107201,9767.198672911787,,2562
107202,10012.225009648784,,2591
107301,9917.824188931298,84.15344148721904,4192
107302,7335.522701793722,3.9596877886072703,3568
107401,5714.040399239544,77.94961801487483,4208
107402,5265.548800759914,80.27982017287557,4211
107501,5399.2048504826935,75.07791318875059,4247
107502,5668.740337884749,75.32363009947166,4321
107601,6570.465844185515,83.8487437368719,4377
107602,8441.522151898735,78.82998299403363,4108
107701,8736.748413034278,86.07459916303686,4726
107702,10362.293966623876,82.31978825304803,4674
108001,5658.15197889182,,1895
108003,1646.3130826100933,83.75865399570384,3111
108101,3930.803900325027,61.02147695796866,2769
108102,3838.346223346585,69.34080725575123,2767
108201,16180.711466165414,,1064
108202,13832.990708478514,,861
108301,95.03224901850814,29.406726779641307,3566
108302,4990.501656050956,80.98791340217826,3925
11001,6608.063619047619,85.09436099928969,5250
11002,6420.57964347326,77.84339267356644,5217
1101,39130.91128506197,,1533
1101301,1762.625,,8
1101302,2818.875,,8
1101401,247.14285714285714,,28
1101402,153.44827586206895,,29
1101601,3005.285714285714,,7
1101602,3360.0,,7
1101701,2667.8571428571427,,7
1101702,2778.714285714286,,7
1101901,3656.0,,7
1101902,2752.1,,10
1102,43240.82608695652,,1426
1102101,805.7993384785005,,907
1102102,961.3578826237054,,869
1102501,2546.6243243243243,,370
1102502,3155.585635359116,,362
1102601,2773.777777777778,,9
1102602,3763.3333333333335,,9
1102901,2360.25,,8
1102902,2926.8571428571427,,7
1103201,596.0,,8
1103202,645.0,,6
1103301,5712.875,,8
1103601,2813.148104956268,80.50902173659762,1715
1103602,2622.890787065284,64.73336787925709,1639
1103702,387.0344827586207,,29
1104101,6018.312703583062,,1535
1104102,4290.884271099744,,1564
1104701,333.6551724137931,,29
1104702,394.9310344827586,,29
1104801,145.24137931034483,,29
1104802,112.39285714285714,,28
1105301,230.10344827586206,,29
1105302,194.82758620689654,,29
1105601,94.10714285714286,,28
1106801,480.9310344827586,,29
1106901,4003.8617966436327,,1013
1106902,3079.229712858926,,801
1108201,352.8,,15
1108202,312.73333333333335,,15
1108901,162.3448275862069,,29
1108902,131.82758620689654,,29
1109002,1506.3793103448277,,29
1109101,167.93103448275863,,29
1109102,200.75862068965517,,29
1109301,1702.615476190476,,840
1109302,1891.2876213592233,,824
1109401,2483.2022630834513,,1414
1109402,2018.6813970064147,,1403
1109502,1074.2758620689656,,29
1109801,22787.91469816273,,762
1109802,17639.941176470587,,748
11101,4409.7870058873,85.2105514174876,4756
1110101,1526.7777777777778,,9
1110102,1103.6666666666667,,6
11102,4715.874077198903,87.14747645644162,4741
1110701,356.86206896551727,,29
1110702,334.9655172413793,,29
1111101,360.25,,28
1111102,306.13793103448273,,29
1111801,177.48275862068965,,29
1111802,150.10344827586206,,29
1111901,156.66666666666666,,21
1112001,414.3103448275862,,29
1112002,375.7931034482759,,29
1112101,198.13793103448276,,29
1112102,159.6206896551724,,29
1112301,268.58620689655174,,29
1112302,162.48275862068965,,29
1112401,144.93103448275863,,29
1112402,60.607142857142854,,28
1112501,210.58620689655172,,29
1112502,191.93103448275863,,29
1112601,383.7586206896552,,29
1112602,262.9310344827586,,29
1112701,1907.0680100755667,,794
1112702,2309.9105199516325,,827
1116301,1655.6902654867256,81.62121466282692,226
1116302,2002.986725663717,85.57520372781266,226
11201,19005.055611222444,83.20435307781803,3992
11202,16523.33325230919,83.98230091621548,4114
11401,19177.426509186353,,762
11402,20568.364829396327,,762
1152201,1793.4285714285713,,7
1152202,1540.625,,8
11601,18041.76023391813,42.306688881100385,3933
11602,17413.535094339622,40.24941401373978,3975
11701,17768.442276422764,,2460
11702,16993.361133280127,,2506
1201,26046.64573785518,85.97060802155252,4364
1202,23117.42209631728,77.24286135152086,4236
120601,312.1526462395543,,3590
120602,292.0337492909813,,3526
12101,19389.28382502543,78.3748425126023,4915
12102,19166.71448692153,74.68734267824114,4970
121201,4576.562871614182,77.3965146155127,4541
121202,4940.197843309859,80.60235057088691,4544
121301,6486.399698340875,78.62216188392267,2652
121302,5174.125699526475,70.84960484984445,2323
121401,2112.5020479812756,59.570446129892645,3418
121402,2146.9443168771527,54.70305182514103,3484
12201,27911.366666666665,,2520
12202,27583.722583265637,,2462
12301,40141.79222222222,,2700
12302,37907.01855976244,,2694
12401,34126.501026694044,5.354330708661418,1948
12402,33261.8857666463,6.017699115044247,1637
125001,1538.3903599503517,76.56488593259382,4834
125002,1387.423975409836,85.81166830695727,4880
12501,19381.8151502676,66.7041155954651,2429
12502,22922.589609483963,89.71740254598579,2868
125101,4026.936013470848,84.14437343188177,4751
125102,4227.0867358199075,83.5004043236104,4531
125201,1643.0006388415673,76.07874597483571,4696
125202,1722.7228319345816,77.53986510510013,4647
125301,1022.1339329120078,64.73676763455153,4114
125302,877.4895654308863,75.27639844942361,4073
125401,1222.9261969475224,60.80378276597166,4783
125402,1268.1787865748709,71.31639486923756,4648
125501,781.5948827292111,,2345
125502,610.3002645502645,,2268
126001,4063.5,,22
126002,3247.0454545454545,,22
12601,24361.18308505526,79.41171061347724,2081
12602,25744.345159151195,81.74051985803058,3016
126101,9280.322653942287,84.47543097224741,4401
126102,7065.031348669373,68.32046546886036,4434
126201,6445.249425287357,,2610
126202,5293.213907785336,,2646
126301,12284.290763968072,79.6806134134606,4385
126302,12624.322133938706,84.56425485951023,4405
126401,4285.91113490364,,2802
126402,4744.291712707182,,2715
126501,3378.8455265610437,86.29140220734378,4292
126502,3713.36606935071,87.5606420643705,4297
126601,5954.569576290808,76.94460708170837,4319
126602,5391.657670454545,77.08043898840263,4224
126801,3512.3177609427607,82.87421218895922,4752
126802,4026.732538330494,83.09044487133626,4696
126803,7737.276200640342,89.61691536898248,4685
126804,6904.1931794111415,89.46116075948437,4721
127001,638.3186215235792,,1654
127002,649.2421307506054,,1652
12701,5546.765154477904,82.16083534474406,5114
12702,5476.670579029734,80.96129970597713,5112
127101,138.5264797507788,,1284
127102,127.06421299921692,,1277
127201,203.75412087912088,,728
127202,3.150537634408602,,186
127501,18.70752688172043,,930
127601,320.29253203711886,74.49811482781178,4526
127701,412.7520566727605,66.75199341863382,4376
127801,346.67047347133,43.54476180339475,4203
12801,8411.045492142266,,2418
12802,8563.115015974441,,2191
129001,4254.776290630975,,523
129002,3365.0497131931165,,523
12901,11502.723050598875,36.63704480883732,4091
12902,10500.916452742124,82.77865621109984,4285
129101,1533.7249398556535,,1247
129102,2701.6831844029243,,1231
129201,4760.322033898305,90.96350947004879,2183
129202,5057.009165902841,90.40900010181561,2182
129401,12165.608874281019,84.28254954963924,1217
129402,10632.686956521738,84.16726781835773,1035
129501,9149.427528294998,88.33584990477456,2739
129502,8561.336098088712,88.73482841675802,2773
129601,8749.379310344828,,203
129602,7725.714285714285,,189
13001,9266.639423076924,,2288
13002,11209.703778135048,,2488
1301,7738.441646489104,90.1372661275585,4130
1302,8157.34471974982,89.50447120599212,4157
13101,1532.3963328631876,73.02542709673594,4254
13102,1602.4875117813383,75.68181101135411,4244
13301,4659.013202174476,88.39725636085646,3863
13302,4430.046714579055,88.86939006176047,3896
13701,1775.1675358539765,80.12230154728645,4602
13702,1627.5619889502761,81.78194273834879,4525
1401,16477.794695481334,,1018
1402,15494.64930232558,,1075
1437501,24651.144628099173,87.62183202098524,4114
1437601,23630.30977011494,86.2975135295844,3480
1437701,33751.49918032787,,1220
1437801,33204.26217765043,87.51970253368691,4188
1437901,24492.20048729551,80.55542790989955,2873
1438001,25621.188871873404,81.40220544649216,3918
1449101,9762.657142857142,,595
1449201,32879.11099137931,82.08960478019746,1856
1449301,18051.144329896906,87.25241532172586,2328
1449401,39986.94594594595,,592
1449501,7584.502529510961,,593
1449601,41468.77246790299,,2804
1449701,3205.3054489639294,,2606
1449801,36549.45191555903,88.04310091608242,2558
1449901,7117.383351588171,66.11609531645304,913
1450001,37610.259652100125,84.15620473850542,2357
1450101,6205.555555555556,85.03981529197864,1026
1450201,39128.42174796748,89.36407624981463,2952
1450301,2894.920792079208,86.71428957585437,2929
1450401,39190.14024024024,83.34562606804641,3330
1450501,8840.214631369201,84.60082558447834,3513
1450601,37311.35985533454,87.56389026730783,3318
1450701,9996.897520058352,60.958975972381566,2742
1450801,38984.306295098286,88.42632865980472,4019
1450901,6666.8576253572355,81.89870946725337,3849
1451101,5418.774261603376,,474
1451401,34048.81732851986,90.89118753212269,1385
1451501,8921.07387140903,83.23343732201887,1462
1451601,32984.839494163425,86.10975256449942,2056
1451701,6826.252083333334,85.07616641607042,960
1451801,26160.533039647577,87.74498829433665,4086
1451901,7382.98134825473,87.8269414012157,3753
1452001,27315.989934574736,87.58054527192452,3974
1452101,7126.083715906022,88.45962772272814,3703
1452601,34181.379231022016,85.87856640599351,3043
1452701,12914.231322823853,85.45819821709478,2918
1452801,37417.45591609309,88.76389089751376,3051
1452901,9702.749581239532,88.5961965709945,2388
1453001,36306.56024096385,86.450695680834,2822
1453101,5338.253594771242,87.10528579327546,1530
1453201,28627.06358974359,,975
1453301,12905.220269478617,87.75971379474817,3414
1453401,30496.33377020533,78.19074845041133,2289
1453501,7114.311340206185,13.703735857169454,1455
1453601,38999.59586087956,86.90490442022633,3479
1453701,27810.378784429773,87.09397263538146,4393
1453801,28484.912345112436,87.07727969284775,4358
1453901,17046.013204508858,88.0028845288757,3105
1455501,17205.48916896416,88.67821257032081,2539
1455601,14980.881179531656,89.68779856175257,3459
1455701,19873.868792472556,67.6373418930237,1913
1455801,18123.397280233123,79.95288189700148,4118
1456101,24486.52237545736,80.90557973360245,3553
1456201,22785.489053672318,78.48199366806367,2832
1456301,24005.767482085495,83.18902871663177,4047
1456401,25861.046035805626,82.06850760565945,3910
1456501,18942.461373390557,79.33564520591604,3262
1456601,21417.024863252114,82.1863327164355,4022
1456901,18285.388182075207,86.52037307296075,3537
1457001,19667.331179321485,88.47624873228271,1857
1458501,11409.665336658354,81.48291489143473,2005
1458601,11713.549707602338,83.30090003575094,2907
14801,47235.84413580247,,1296
14802,51496.85482562855,,1233
1491501,12778.012408759125,90.28744854555526,2740
1491601,10318.951470588236,85.06534198333048,2040
1491701,34266.203393939395,87.29829117485096,4125
1491801,11843.171392564587,86.86692289449427,3174
1491901,3768.3586253827834,82.90350754777867,2939
1492001,4200.112338277059,80.71702053307811,3169
1501,5072.587979094076,85.04815649074995,4592
1502,4553.833516362838,85.0177060663672,4553
15201,19382.343533616262,83.03963174052757,4477
15202,18803.243283956817,28.458134125478285,3983
15301,6762.479763528877,88.11652115590327,4398
15302,7015.714747039828,88.13332543643088,4645
1533801,4586.416666666667,,180
1533901,13738.637697103044,84.28184727572044,2727
15501,9107.56895372692,83.32180290058132,4387
15502,9525.285472972973,87.15995750151238,4736
15601,40181.9570303175,80.06612693919517,4189
15602,40704.167545076285,72.71680114144475,3605
15901,7127.115973072216,74.43402623427147,3268
15902,6393.097675879397,71.16176568716575,3184
16001,5784.645180193378,86.31606354471383,3413
16002,5551.643312101911,86.54995348650901,3454
1601,23344.70595412396,89.16037599393265,4098
1602,23726.009806266444,88.56882796645542,4181
1633901,21517.878965922446,78.71217818863987,851
1634001,23458.114249037226,,779
1634101,11993.88627665391,83.5331624573185,1829
1634201,16157.74269005848,87.56135244284692,1710
1634301,28711.62469287469,89.996390325013,1628
16401,15744.128681885126,87.79691357448067,5432
16402,17778.83768862716,87.86484328633021,5434
1650001,6562.298932384341,,843
1650002,6473.985781990521,,844
1650101,14831.659598853868,80.39926813301464,1745
1650102,14906.242596810935,83.62137952362708,1756
1650201,9708.048726467332,,903
1650202,10337.924886191198,,1318
1650401,44022.52173913043,,1265
1650402,39640.137668161435,88.951780200496,2230
1650501,7451.202224469161,84.12479284825261,1978
1650502,7549.581911262799,85.47840964599317,2344
1650601,10965.07067669173,,665
1650602,11184.428776978417,,695
1650701,7773.99203187251,73.53621482172747,753
1650801,4867.585767035918,85.14348351814677,2979
1650901,5537.042421107088,86.12788351247283,1933
1650902,5537.883510638298,84.63910473281038,1880
1651001,6113.880489160645,84.97620085697132,1799
1651002,6004.625686059276,85.359972207259,1822
1651101,3888.7309941520466,90.53115971686076,1026
1651102,19028.133953488374,91.80874114292838,1075
1651103,4472.554424432263,87.98962772978452,1277
1651104,11874.633113828786,57.56993355405927,2126
1651201,3415.3626373626375,87.09613100473823,1365
1651202,19531.02801867912,90.36947241423621,1499
1651203,8532.537459283387,64.87949427246927,1228
1651204,19098.98731707317,,1025
1651301,3985.34612176814,83.35504020995079,1199
1651302,23059.812911725956,87.73477410873312,1518
1651303,8848.809232480535,85.62386880026432,1798
1651304,22209.357984293194,,1528
1651401,22816.699738903393,74.24485895037607,1915
1651402,23987.201005025127,93.0298123085068,1393
1651403,8085.900741585853,83.34539328813031,1753
1651404,7756.129362494184,86.42394508688625,2149
1651501,5120.937953555878,86.03156386806927,2756
1651502,24289.374496152435,88.89449940754139,2729
1651503,16476.81652360515,88.0491779189912,2796
1651504,25069.20447609359,88.7071546472094,2949
1651601,35272.96617986164,92.78794415136825,1301
1651602,35885.91395154553,92.94287973416647,1197
1651603,6301.789514263685,91.3676000001209,1297
1651604,6223.715627347859,82.19520683459953,2662
1651701,7727.425614994143,85.35023652281672,2561
1651702,7551.340117416829,85.47485991813761,2555
1651801,8819.982631930528,86.69976965836835,2994
1651901,4188.3646799117,84.9615828633155,2265
1651902,21791.569339111593,90.99666837667073,1846
1651903,5197.155151013653,85.27073127235509,2417
1651904,20787.318784099767,86.4333761794448,2566
1652001,29767.970297029704,92.44088914908782,1313
1652002,27367.792529435646,88.52934990319065,2463
1652101,24223.424339987123,88.15084891541062,3106
1652102,24082.18733307898,85.56115205394792,2621
1652201,30230.25894736842,89.50736757047166,3325
1652301,9029.071788413099,86.85520090746029,2382
1652401,6411.794545454545,88.82836366353061,1100
1652402,6290.7685025817555,85.17501995297694,1162
1652501,5309.913252122555,86.23677352660076,2709
1652502,5033.166723842195,86.44975318397505,2915
1652601,5780.113227513228,90.02139638623919,945
1652602,5514.68804664723,83.37116916129386,2401
1652701,5722.563876651982,,227
1652702,5746.104347826087,,230
1652801,9619.26921662376,87.23237173648145,2719
1652802,9463.81374389786,87.0010707524623,2663
1652901,15042.727272727272,90.04663950721198,1914
1653001,14811.554091539529,88.52408106023073,2884
1653101,4902.128281117697,86.5609663066342,2362
1653201,13279.83364072298,86.14900764967975,2711
1653301,18356.872410936205,84.86054872606819,2414
1653302,17629.608908868002,85.0994287560922,2447
1653401,7459.15109695683,86.79350323450069,2826
1653501,11180.14409221902,,347
1653601,13501.7825,90.74615039167729,1200
1653701,13551.695501730104,,289
1653801,11919.88062015504,87.19460117099665,1935
1653802,12412.86742722266,87.08018393257363,2542
1653901,12352.111111111111,87.29621008345927,2817
1654001,15347.017496111976,88.94401826453797,2572
1654101,13841.156140350877,87.56569847471492,2280
1654201,18213.55687973998,92.28831550626751,923
1654301,17845.368277119418,93.05919628544952,1097
1654401,1740.9339207048458,84.62463550264972,2043
1654501,40022.59806879904,91.4468610368213,1657
1654601,6307.538154214942,86.67064777815204,2503
1654701,6311.357568533969,87.14777808608196,2517
1654801,5494.124634858812,87.26089706825049,2054
1654802,5837.022900763359,92.79827963032297,262
1654901,6521.6499589153655,85.62481299761488,2434
1655001,38558.73535952558,86.64812229422678,2698
1655101,9429.661764705883,,884
1655201,12326.299547852299,85.31593092287652,2654
1655301,41391.164887743835,90.45191575814373,2717
1655401,35032.40066115702,89.7312998396356,3025
1655501,39339.33691507799,89.87494036177948,2885
1655601,38057.07145461174,89.62751216900054,2743
1655701,39811.90116896918,82.35774009147526,1882
1655801,30583.648401826485,85.71023880395973,1971
1655901,49508.36363636364,97.73408986360458,11
1655902,5008.454545454545,96.91034913692242,11
1701,14704.700680272108,,1029
1702,16140.223977695166,,1076
18001,4568.683418305414,84.4209927313197,4119
18002,5196.153432689958,84.93227162314135,4093
18101,6162.157838701091,88.0650176783525,3757
18102,6314.0452442159385,87.90311638439617,3890
18201,5785.451688923802,86.05089752184576,3819
18202,6005.860121404065,86.21167077892387,3789
18301,17767.210097719868,87.94096966345722,4298
18302,17435.815783329443,89.84456414251018,4283
18401,9578.487521270561,89.10686399229536,3526
18402,9059.452969593634,82.28672842146138,3519
18701,3358.010311809477,86.81409587431058,4073
18702,3617.0108028480236,86.9871238350858,4073
18801,6508.05785123967,56.91334981285483,4598
18802,6778.57785467128,59.61223620613912,4624
18901,5109.253758052971,,2794
18902,5246.778485757121,,2668
19001,5706.936734283992,87.47498628289085,4979
19002,5337.63621697923,86.73968003725112,4959
1901,15604.662819869543,88.77267030029664,3986
1902,15798.394578313253,87.83390131924531,3984
19301,4311.755260243633,36.005306876553206,2709
19302,3583.5518731988473,32.677914668201254,2776
19401,6110.105887620327,87.98485963109901,4467
19402,6709.317111111111,86.14870040095857,4500
19501,5960.809479981593,,2173
19502,5389.109750949768,,2369
19901,2888.552984485932,81.6480180523697,3803
19902,2913.0103181427344,79.5571118965131,3489
199901,960.1801652892563,,1210
199902,971.8602150537635,,1209
20001,5695.1278745644595,,2870
20002,6029.3319253783875,,2841
201,17919.262096774193,83.40860710313146,3968
20101,4090.580182529335,,2301
20102,3916.576063130206,,2281
202,19801.597586029788,84.65108789794954,3894
20201,13264.710856323898,,2791
20202,11261.181280445373,,2874
20401,4430.31948208371,,3321
20402,4715.242852843816,,3323
20501,21875.13611615245,73.41644093892788,2755
20502,23919.39643895349,75.00948624012247,2752
20601,22109.193533160254,73.53333389451511,4237
20602,23892.33787274008,84.10921364999328,4259
20701,1849.9021538461539,,1625
20702,1863.0361445783133,,1577
20801,1005.1447368421053,,3496
20802,1216.942857142857,,3570
2101,8117.877392344498,82.83826629844677,3344
2102,7741.819969742814,63.34428761478294,2644
21101,2109.609502598367,82.33115251648866,4041
21102,2451.5942910622366,81.04310379776466,4274
21301,1384.6939877300613,72.53055230364775,4075
21302,1436.7472986247544,70.90883921540573,4072
21801,28194.775183455637,85.325036661052,4497
21802,27944.032406439474,85.503325366918,4783
2193801,15954.310846560846,,756
2193901,16912.81757656458,,751
220001,2864.833408577878,80.49999055399712,4430
220002,2923.930995475113,81.43517633203763,4420
220101,2808.4373897707233,87.28071810503128,4536
220102,3115.728674698795,82.14642511087114,4150
220201,2296.7994073398677,81.23106239928103,4387
220202,2446.4497716894975,83.13243856833171,4380
220301,3346.081296080714,75.30618627319123,5154
220302,3006.5465425531916,78.85257328138927,5264
220401,2623.0760494828637,72.0868126569176,4931
220402,2428.1899858671513,77.06419455272518,4953
220801,5754.777729542001,82.85551199978183,4607
220802,4841.47913153457,84.43762140412308,4744
220901,7207.45672436751,86.22891259282063,4506
220902,6190.857111597375,84.00728876724426,4570
221001,4412.064320134087,85.29937127828036,4773
221002,5438.935924369748,84.91235679088297,4760
22101,19323.870055082625,85.06955530533212,3994
22102,18544.9408083442,82.84077507624235,3835
221101,5878.325771144278,80.29987394197929,5025
221102,5298.223937407486,69.32987225731395,4729
221201,6625.493793521042,60.69152747167173,3303
221202,6396.008999280058,,2778
221301,7836.343548387097,,1860
221302,7838.647660032276,,1859
221401,1460.344998098136,,2629
221402,1344.8468025298664,,2846
221501,1794.9744180097211,6.257569399617667,3909
221502,1836.1745283018868,6.480670099243638,3816
221601,5642.873718294657,,1853
221602,5434.143873085339,,1828
221801,6572.681655391962,,2513
221802,6185.670008019246,,2494
221901,2690.036862939139,87.86610008935816,4042
221902,2664.2918825561314,87.65604197995637,4053
222101,8364.983382209188,73.30389958918634,3069
222102,7709.604772801569,79.85433751044029,3059
222201,3528.3593275741305,83.63208067142105,4283
222202,3464.1512467956186,82.21983185642378,4291
222301,845.908203125,74.16415891837872,4608
222302,806.7079075966237,69.88946591620767,4502
223001,5458.444226151495,89.03539729158881,4581
223002,4663.757555702625,86.99228510912714,4533
223101,3304.5008695652173,84.9736926825779,4600
223102,2263.2318902700385,84.87577977576358,4666
223201,5001.0321581705575,88.27868680283242,4198
223202,4882.356907894737,88.93004061675684,4256
223301,1921.3553585817888,78.61100113381467,4964
223401,3156.726020777966,79.32194228726367,4139
223501,3809.863708042352,84.00069606977834,4439
223502,4469.227283027419,84.66760180605158,4413
223601,9187.603116583301,87.0704369345024,5198
223602,9155.685117793526,78.98157194891063,5221
223701,1870.4843058773963,76.78335255303759,4747
223702,2063.075021872266,69.46802811624121,4572
223801,3975.3718988549617,85.38449875514736,4192
223802,3451.8225082310687,7.185036471067504,3341
223901,3440.6003796867585,80.72760160453194,4214
223902,3834.378587471924,83.8148886307952,4007
224001,3924.05546875,82.24608476527928,5120
224002,3161.734132442523,72.60631153926812,5089
224101,7465.154301319982,74.51117665531937,4394
224102,7410.948271862677,70.19014881964807,4311
224201,6198.376274328081,88.0867328234289,4316
224202,8181.190640055059,69.60801928159628,4359
22801,3009.2242167101826,71.98685391640123,3064
22802,3213.7365754812563,66.36814860629575,2961
23101,8141.496067121133,48.72553452738685,3814
23102,9823.200392445426,82.33046907879758,4077
23401,5179.1984352773825,87.13836078116992,2812
23402,5034.813534917206,81.16148403470645,2778
2347601,9190.60349127182,,401
2347701,10500.658210947931,,749
2348001,11585.01831262263,,1529
2348101,12008.38304652645,,1569
23801,2076.9069200779727,83.78684684381294,4104
23802,1991.5900364520048,81.16349319272955,4115
2489701,23507.269525267995,,653
2490001,22820.41212121212,,660
2490301,32392.589552238805,,670
2490601,31453.589552238805,,670
2490901,36904.7125748503,,668
2491201,35731.52985074627,,670
2491501,24046.046546546546,,666
2491801,24593.435435435436,,666
2492701,18821.046268656715,,670
2493001,19964.66417910448,,670
2501,9242.2175,84.08676513817782,2800
2502,7945.6537779354385,73.63761436725336,2819
2901,23065.46076961519,,2001
2902,22347.097305389223,,2004
2908401,28221.140005785364,83.22976381586614,3457
2908701,11747.042735042734,81.8389692717401,3393
2908801,11674.573721436343,81.19130969706517,3676
2908901,46298.26118795769,,2458
2909001,46914.84254473161,,2515
2909101,38609.479166666664,,1536
300001,2937.203431372549,89.88716390030744,816
300002,4294.75,91.62025229891304,816
300101,1275.3009708737864,87.51266135039413,721
300102,1024.8654646324549,87.13088055790969,721
300201,501.24147727272725,85.0340476657044,352
300202,200.59490084985836,84.60571548774944,353
301001,16717.8021515435,80.22592082407905,4276
301002,18062.26207871789,87.02657615475984,4243
302,1145.4957810249023,75.28666511675287,4859
302201,4006.1400325027084,21.04884669457321,3692
302202,4043.3590163934427,27.231013996381044,3660
302801,8829.64559139785,85.76082227486101,4650
302802,8326.445806042679,80.50778756782292,4733
304201,3063.4089979550104,,2445
304202,2953.29924692826,,2523
304901,4555.847063793832,85.99457487425691,4734
304902,5150.888982515273,83.86947736798456,4747
320101,4452.746112787189,76.66636742306285,4309
320102,3891.9776960784316,76.57791118426609,4080
320201,2056.2611558156545,,2734
320202,4146.75125,71.16965591620664,3200
320301,4458.565867222802,79.41438231937556,2877
320302,4085.321748107364,72.44725330038008,2906
320401,2287.1958710976837,82.23072508347784,3972
320402,2828.5231160425337,83.28433437055001,4326
320501,3343.324024119327,,3151
320502,2639.552705661558,,3197
320601,7691.704061027597,82.02961271799825,4457
320602,6642.1379061371845,59.315663014233984,4155
320701,6804.573452256033,88.4214315148401,3812
320702,8048.031502423263,,2476
320801,3069.4256571204396,,2549
320802,3233.704503392967,,3242
320901,3956.271924419799,85.60915332127796,4869
320902,3962.261112259665,85.80058580894024,4837
322001,8106.176414189837,84.18729915087626,3129
322002,7958.722456938576,87.0090384410193,3077
322101,3186.7341493268054,82.33363127345064,4085
322102,3191.158160808859,79.47620721983876,4154
322201,3256.4891537544695,80.82375904464558,4195
322202,3031.97216374269,79.96829164019587,4275
322301,3882.339845899835,,3634
322302,3880.253429878049,,2624
322401,3160.642673521851,56.177400075548206,4279
322402,2968.3253467843633,82.42142072274306,4758
322501,1386.0009817396426,83.42893085485828,5093
322502,1953.7767028627838,80.47688063403223,5065
322601,7288.943986352005,86.6382627193455,3517
322602,7022.476426799008,87.89401915054742,2821
322701,5015.295648169468,84.43911856650477,4343
322702,5079.9524918490915,83.01374637115306,4294
322801,5181.524804992199,,3205
322802,5268.592912447885,,3358
3501,12263.367469879518,90.4338337699712,4482
350101,21299.605945462674,86.47695297287402,4474
350102,19618.0545311887,82.47179812241242,5098
3502,11303.299652375434,89.3235958372969,4315
350201,6653.754300276067,86.66142233412276,4709
350202,6232.387628424657,80.01516434989556,4672
350301,7049.752641690682,81.2814350438954,4164
350302,6969.930193236715,81.18959706428029,4140
351001,782.2661641055379,,3449
351002,32.5003671071953,,2724
351102,10155.181293302541,88.68579032182309,3464
351202,10216.83894686907,89.11193881748267,4216
351301,5784.287037037037,82.44523097654931,4428
351302,6058.779069767442,84.37714970610227,4472
351401,13899.755852111135,73.4883913511735,4571
351402,10650.762826718295,,2066
351501,19007.814229249012,75.6283941441982,4301
351502,7519.91084204733,,1817
375701,955.8571428571429,,7
375702,1003.8571428571429,,7
376801,387.3076923076923,,13
376802,348.3076923076923,,13
377902,3720.8333333333335,,12
378401,4041.8888888888887,,18
378402,4068.8888888888887,,18
379201,519.8666666666667,,15
379202,444.8,,15
379301,311.6666666666667,,9
379302,292.44444444444446,,9
379601,3860.285714285714,,7
379602,4210.0,,7
400001,6195.347587719299,89.03040933962417,912
400002,7867.532620320856,88.57470225051982,935
40001,5163.058969276512,86.22669706054964,4036
40002,5517.455902306649,89.18371239274956,3685
400901,5313.3117647058825,,170
400902,5551.958823529411,,170
401,5067.960545543107,81.49469025904155,4106
401001,6233.717647058824,,170
401002,6190.870588235294,,170
40101,11851.90774566474,87.43377744706795,4325
40102,12108.754373522459,87.2341479464554,4230
401101,4142.723076923077,,130
401102,6020.6461538461535,,130
401201,15487.89090909091,,110
401202,7763.223076923077,,130
401301,5455.104477611941,,134
401302,5474.55223880597,,134
401401,5553.714285714285,,133
401402,5337.8421052631575,,133
401501,2413.4817518248174,,137
401502,2620.2554744525546,,137
401601,5104.579310344828,,145
401602,4779.586206896552,,145
401701,6121.453846153846,,130
401702,8955.153846153846,,130
401801,5978.0,,15
401802,5074.933333333333,,15
401901,3.1578947368421053,,19
401902,15229.833333333334,,18
402,4011.6383186705766,66.97443305245734,4092
40201,13861.743272105938,88.60001934833092,4682
40202,12484.147764095917,65.79325950219459,3086
40301,7831.93916755603,80.29322383841671,4685
40302,7195.082718533423,79.80088538599789,4473
40401,10389.284678747941,85.50878050106706,3035
40402,10203.546691871456,83.00836809638663,2645
405001,9747.933468972533,87.02872346450829,4915
405002,10704.03770988164,85.62008371266555,3633
40501,7952.633916290038,88.90257063236483,5089
40502,8107.824505928854,84.09682911545416,5060
405101,6075.004060538944,,2709
405102,5376.769090244794,,2737
405301,6130.935618545374,88.02577016136263,4551
405302,5953.4612765957445,89.39026559105896,4700
405401,7852.332609982245,89.56904222350582,5069
405402,7222.51776549546,88.7859112287514,5066
405601,8019.9057377049185,86.16709648354366,4148
405602,8180.729664494328,84.4312540081738,4143
406001,7083.484383133785,88.88328857503734,3842
406002,6943.518108108108,89.03467957537976,3700
40701,2443.6878459687123,84.35143746184971,4155
40702,1936.9801452784504,75.72813835913726,4130
40801,8066.260469011725,84.77926833685066,4776
40802,8582.17440196279,85.29871529565102,4891
40901,5868.583333333333,86.70997064039717,3984
40902,5780.974875686993,84.72851076906296,3821
41001,8847.393210749646,86.23176003205079,4242
41002,9411.989622433208,85.16485204070678,4529
410401,8220.368703550785,86.16584342619366,4844
410402,8824.297478329394,85.40184395197392,5076
41101,7774.369517275178,84.14935066908166,4081
41102,7378.387214137214,89.13639255998886,3848
41201,4279.389316650626,66.9493250538373,4156
41202,4395.805280528053,67.89221498959871,3939
41301,5547.012232415902,,1962
41302,5205.342872008325,,1922
413501,5654.433099443503,88.728871276243,4133
413502,5674.827183435094,84.09142020761492,3767
41401,8326.057990559677,88.015753810628,4449
41402,7045.325798182242,87.24841286066057,4291
41501,12924.672111458083,90.18852593371064,4163
41502,14325.489820359282,88.71728044593108,4175
41701,5065.5598746081505,64.86896055097391,3190
41702,4610.340050377834,62.863146660008006,3176
41801,3792.264230498946,74.2988565925592,4269
41802,3215.461946494465,56.31750046799526,4336
41901,6477.5994978028875,86.28662487811235,3186
41902,6890.7267039841945,79.42773047981652,3037
42001,7967.846296985485,,2687
42002,5192.214155417731,,2741
42301,7403.566511987626,,2586
42302,7306.849191425348,,2659
42401,9456.877512856476,75.0003163421742,4278
42402,9276.521076446774,80.27700477062095,4199
42601,5434.181047089793,84.11889140144076,3419
42602,4558.606461086637,84.22758686896098,3405
42701,5180.051327088212,89.08778352195036,5124
42702,5233.54999010097,88.70484919668412,5051
42901,27736.041751758567,81.70308370224068,4407
42902,28302.373490743226,80.19642827074671,3727
43001,6617.807375171782,85.99874149534001,4366
43002,6075.759712553335,84.26866630032588,4453
440001,4121.052920822308,85.81576835704679,4913
440002,3844.620385561936,86.13145262033703,4876
440101,6358.9251123315025,78.51481400749373,4006
440102,6048.893585647579,82.79791280894052,4069
440201,16201.739282589677,87.19466901365384,2286
440202,18428.16924476797,76.07690857920423,2198
440301,8097.942106749506,56.53589621416082,3541
440302,8671.207829591249,49.00028981714788,3474
440401,6486.177704525023,83.83110745863884,3337
440402,5519.374426430101,71.63840948197952,3269
440501,2453.7454959618967,84.17359819602845,4829
440502,2246.0636503067485,87.14542941220215,5216
440601,4277.905070359616,87.30239407177142,4477
440602,3971.401096491228,84.25956092588764,4560
440701,12311.33646953405,88.96136655505333,4464
440702,13985.751705320601,87.98813521299846,4398
440801,8339.48814968815,68.85505893115698,4810
440802,5179.132771084337,62.099527384135946,4150
441101,5750.873900971772,87.94139880043933,4322
441102,6449.904476234426,89.37117138672366,4334
441201,7013.416836734694,85.41503133837428,3920
441202,7505.423439048563,88.35554087347548,4036
441301,5563.542162012718,77.0263509172237,3617
441302,5301.823050669467,78.77458602178021,3809
441401,3870.8376288659792,86.73065557807945,3880
441402,3519.3986192789566,87.69627682124376,3911
441701,10770.063258636788,74.95851027818483,4284
441702,10104.919960474308,13.991317569978348,3036
442001,5717.04505169867,86.34191490522612,4062
442002,5792.319109947644,86.92873129960324,3820
442101,6679.277672209026,68.48528820067638,4210
442102,11314.728214195504,74.52735202073058,3959
442201,12503.881009615385,78.06601222007426,4160
442202,8519.529773030708,37.97733850479707,3745
442301,4248.1175,50.40124290232175,3600
442302,4813.957098504093,69.47838781353298,3543
442401,3182.7272530797495,47.02816738466647,4627
442402,3347.9851657940662,64.16012518715107,4584
442501,3103.2756709451573,54.717209472111314,3428
442502,1924.4256578947368,50.975143212376906,3040
442601,1828.1813725490197,67.23964453185799,4284
442602,1056.8733564013842,71.09612376923305,4335
442801,12221.136199957637,76.76383452766282,4721
442802,11310.698228466706,66.28392394053888,4911
442901,8558.08646727865,,3377
442902,7320.658469105441,,3253
443001,6919.322622779519,83.93375845863397,3828
443002,10036.90676416819,80.27588771822307,3829
443101,2514.5081329561526,65.18885165650671,2828
443102,4911.3470790378005,71.03514935306508,2910
443201,2967.407516413856,71.80855349282598,4417
443202,410.847212336892,69.76874747582072,4215
443301,45.21413721413722,55.66277623511391,1443
443302,9.009622501850481,28.22743046675646,1351
443303,30.10091100210231,32.983873627866515,1427
443304,27.566051136363637,25.041627763893054,1408
443305,18.54690618762475,29.35735116315326,1002
443306,3296.710144927536,85.4788776129327,1449
443307,173.4064872325742,70.44141262445635,1449
443308,68.25779625779626,56.35567853612348,1443
443601,3542.2061392563014,84.94785742951973,4007
443602,3507.8814775445126,84.00260916005827,3763
443701,548.8677325581396,83.3682387505105,5504
443702,771.8204615664183,78.71643137495984,5503
443801,3768.2220194647202,88.61954564172797,4932
443802,4209.686138154845,89.45533677159182,4314
443901,1448.1690751445087,81.35434375313343,4844
443902,1562.0780661364588,78.79485636623477,4778
444001,1467.735429769392,80.38178584133304,4770
444002,1283.2879581151833,85.80876384605058,4775
444101,1225.0851365015167,73.41806133232124,4945
444102,908.0018714909545,77.54917810654763,4809
444201,485.6479271991911,73.30952411523377,4945
444202,568.2099737532808,73.44871372861512,4953
444301,3197.8997786274904,84.86592488167065,4969
444302,2684.593032308291,83.99195190915812,5138
444401,897.3546933176563,73.45591681178769,5103
444402,1054.6658898305084,84.20451494410806,4720
444501,952.442091616249,69.4915440417541,4628
444502,892.2372844827586,70.78479818911802,4640
444601,3355.7887645107794,80.59059068202006,4824
444602,912.1455735023512,38.86124668616849,4891
444701,2792.3249940433643,82.67444203068895,4197
444702,1817.7440589353612,82.37452286298587,4208
444801,7686.599117971334,89.21998406036809,4535
444802,8808.886070413295,88.29555806223857,4573
444901,2272.4208300290775,81.62683618654086,3783
444902,1988.410283593957,75.68818997130839,3773
445001,6045.149557956778,79.5295984187985,4072
445002,5129.680450207977,79.93284090957769,4087
445101,4435.70955882353,77.53668471275451,4896
445102,3671.1607574536665,81.06144538711087,4964
445201,6750.493845396357,79.3075672942644,4062
445202,4421.533384893014,76.22029217077981,3879
445301,7351.051905920519,87.26938567148581,3699
445302,6434.644277270285,86.0066086659033,3722
445401,5936.801368484605,87.40998390356572,4969
445402,5544.7737152143,84.01185151571867,4923
445501,2399.128442663996,80.62186453759992,3994
445502,2333.0179461615153,65.4656980956635,4012
445601,2394.832087809435,88.48372282620538,4282
445602,2730.365290412876,81.49662179014771,4287
445701,2906.9119470855726,87.92278754277035,4838
445702,3355.4328482328483,87.52432289791784,4810
445801,3487.9731119019375,85.9981734454798,5058
445802,3371.5807024467244,81.52669667048144,5068
445901,3126.6966698841698,83.70604785585743,4144
445902,3382.494792989586,78.15512860991669,3937
446101,4042.1762405279883,82.87750048751919,4091
446102,3581.296061269147,81.85628508525046,4570
446201,1560.9826035965598,81.88005899807354,5116
446202,1631.1796676441838,82.67863389293186,5115
446301,3170.0795997270866,76.96724002885435,4397
446302,2722.7973414179105,71.17716020631086,4288
446501,2444.1528948847667,,3558
446502,5215.058998808105,,3356
446601,9790.58892713712,,3486
446602,14152.083899556868,,3385
446701,719.5893922651934,73.36384608744599,4525
446702,696.2004003558719,79.52298074166987,4496
447201,695.1469594594595,,1184
447202,740.6640488656195,,1146
447301,4558.784946236559,46.61821003974671,3348
447302,3918.4020471993176,81.30130395863694,3517
447401,236.7767137096774,55.91086427330848,3968
447402,117.806572068708,48.20906400536007,4017
447501,281.23738532110093,,872
447502,7116.991996442864,71.94844053253182,2249
447503,7934.78612716763,71.22909028119194,2249
448001,2883.444293478261,35.34304687535194,3680
448002,2196.3974780701756,66.38890389218002,3648
449101,6202.6789375582475,,2146
449102,5124.450562700965,,2488
449201,5223.771877486078,90.44384733552135,5028
449202,6073.7537447573395,90.39430366820021,5007
449301,15430.9444073827,57.22920918800976,4497
449302,17850.377620925887,87.16048367026337,4817
449401,2154.5830023828435,84.12910806440244,2518
449402,2250.2705005324815,87.42967175454315,2817
45001,4728.362615587846,,1514
45002,4718.09801409353,,1561
45101,12272.206101694916,90.15525092719281,4425
45102,11510.108047016274,87.3995022768697,4424
45201,5476.638752898737,80.49680173922516,3881
45202,5535.738048299655,82.32849326375052,4058
45301,6049.319470308297,86.43692088046781,4833
45302,6576.3089171974525,84.39516108350213,4710
45401,8416.558758314855,81.38494875089063,2706
45402,10460.494517155996,82.31733834635708,2827
45501,3336.443669250646,80.19772964300779,3870
45502,3830.1479259066004,82.83921178446224,3833
45601,5063.092809364549,81.67301702914915,3588
45602,4587.829391891892,84.68881186773339,3552
456301,268.625,,8
456302,285.25,,8
45701,7106.124117891241,77.73278352113824,2409
45702,7779.4629706247415,81.73887376381933,2417
457701,122.28571428571429,,7
457702,124.42857142857143,,7
45901,8962.577965505105,83.73818065480535,2841
45902,8985.251788756388,85.86859685601036,2935
459802,4543.555555555556,,9
46001,7722.689139388684,85.83079119840842,4613
46002,6470.981431253912,87.08894278301939,4793
46101,3627.0072532926133,80.49517189205041,5239
46102,4544.630476929042,84.37903786811142,5158
469601,3528.1666666666665,,12
469602,3595.0833333333335,,12
469801,542.9166666666666,,12
469802,492.75,,12
47001,5465.358744394619,58.516216993295735,2453
47002,5022.081405073878,81.23633806415991,3587
47801,7362.9718979680065,,2313
47802,6286.072122052705,,2163
479401,6005.722222222223,,18
479402,8859.111111111111,,18
479501,3585.4285714285716,95.35489224785296,91
479502,3939.4175824175823,94.62039171791295,91
501,23051.193923327897,70.61221338533097,4904
50101,3223.909090909091,,11
50102,2514.6363636363635,,11
502,6266.78036500944,54.33695905624151,4767
50201,8753.19899665552,88.12358014071225,4784
50202,7774.2769672327195,84.81968777174112,4181
503,21277.79949077021,61.04963610134568,4713
50301,9883.106274509804,,2550
50302,9249.310426540284,,2532
504,5426.796084828711,68.80322228759248,4904
50401,10735.558666666666,60.8155610320764,3750
50402,6903.323234791107,42.58987279766619,4093
50501,15675.538461538461,,195
50502,13829.0,,191
50601,16338.69590807175,82.18385813898648,3568
50602,15771.621682665162,82.66111940973627,3542
50701,3474.753815261044,4.883613969424661,2490
50702,3734.2980830670926,73.07667197930188,3130
50801,9955.48453038674,,1810
50802,8927.570947840717,,1783
50901,5404.988609271523,80.37358040235415,3775
50902,5518.153267784846,86.52137332855038,3458
509701,3038.514441046551,85.90965653527809,2943
509702,3161.50340367597,86.3412455816248,2938
51001,4834.191196327302,88.51892749159826,3703
51002,6144.818504366812,89.0485998370638,3664
5101,1021.5384615384615,,13
510101,9631.048109965635,,291
510102,9625.37558685446,,426
5102,1257.923076923077,,13
510201,12496.81463990555,,847
510202,10883.3813459268,,847
510301,13036.223453908984,83.57991355323011,1714
510302,13893.301149425288,86.67266662613747,2175
510401,1478.449414715719,73.6594834886133,2392
510402,1491.7396274343776,68.1200336310787,2362
510501,7804.960867515323,43.5493779908732,2121
510502,599.6044678055191,81.80347412751317,1522
510503,10224.757939914163,86.63180462599063,2330
510601,21875.419368600684,60.97796361230649,2344
510602,13612.336238198983,72.4967672257704,1377
510603,7271.70607028754,,626
510701,4674.462018730489,82.06624681769178,961
510702,4609.965625,80.81068935038827,960
511001,4114.026490066225,84.97355681503814,755
511002,4661.944370860927,87.14944817072035,755
51101,1956.507672634271,,2346
51102,1936.0780416868638,,2063
51201,9308.891347643284,90.19430468599136,4519
51202,7872.8424175824175,88.06057192448215,4550
51301,8697.778752886836,85.73685401450238,4330
51302,6726.4525126232265,85.64327078076205,4159
51401,4933.570247933884,66.51962874437197,3630
51402,6692.730735423381,79.9554654684137,3413
51601,13293.320187793428,71.24957180317158,3195
51602,15910.003642987249,80.51024087153539,3294
51701,1400.0,82.60330191574306,3526
51702,1391.961819658814,81.64745111134839,3693
51801,957.8539778449144,80.88662928027871,2979
51802,903.9517036056897,81.4102071466234,3023
51901,1222.9865879828326,,3728
51902,946.2942583732057,,3762
52001,1480.9368131868132,,2548
52002,1537.6342701014833,,2562
520101,4262.647764176867,76.24375206804865,4003
520102,3875.243853985597,75.242003230502,4027
520201,2248.2299023290757,,1331
520202,2274.109104589917,,1329
520301,5895.610701822412,,2579
520302,6139.946994991653,,2396
520401,3444.3643263757117,,2108
520402,3470.920365535248,,2298
520501,657.0812767357684,,3039
520502,635.7860419397117,,3052
521001,7777.066354410616,85.45211455710333,5124
521002,5603.024442706296,89.08814110911568,5114
52101,1074.8257220439398,69.32027482409417,4051
52102,1230.6921119592876,78.785227899501,3930
521301,209.49764626765298,,1487
521302,210.00806451612902,,1488
521303,74.34391534391534,,756
521304,83.07727272727273,,660
521401,14493.778351917324,88.38113117504338,3677
521402,13747.298099211868,85.50774122069255,4314
521501,9443.44278943805,,2954
521502,8582.107559107559,,3003
521601,3269.6561173292166,,2591
521602,3501.283185840708,,2599
521701,4891.173373075012,86.37457634170579,4026
521702,4632.844084682441,88.09642453670202,4015
521801,3541.8476658476657,82.55019574743187,4884
521802,3224.6038511466895,78.08937884368328,4622
521901,4547.529047934615,91.00828744954245,4527
521902,4970.765192135836,86.25975128120442,4476
522001,4836.386270022883,,2185
522002,4857.345656192237,,2164
52201,4590.219334719335,,2886
52202,4914.496415158757,,2929
522201,5794.62594199589,82.56911456321295,4379
522202,6114.306341240876,83.34983103586559,4384
522401,5757.651230949589,85.61110102955271,5118
522402,5862.367073880163,83.68078518128831,5157
522501,1481.7083842581276,85.98446390476646,4091
522502,1595.4236622484045,84.9919516154201,4074
522601,6561.6590110147645,77.61506117407274,4267
522602,6192.070194097315,85.69946729645373,3761
522701,1479.0512355474948,72.16049286613809,4411
522702,2903.7475595913734,67.87497029643075,4405
522901,5881.6354642313545,,1314
522902,5558.6978691019785,,1314
52301,3190.5310445580717,,1369
52302,3033.386887608069,,1388
52401,751.6285508809781,,2781
52402,741.5816804904435,,2773
52501,2367.446323529412,58.50372178641124,2720
52502,2950.2078303425774,71.63903526589901,3065
52701,1534.7294957801341,87.30479836610556,4621
52702,1349.7168544194108,87.04130452893439,4616
52801,2919.341635338346,,2128
52802,2837.7630503858377,,2203
52901,1105.7755710029792,,1007
52902,1139.5059760956176,,1004
53001,1746.6575618171362,66.58348822738762,3478
53002,1561.5811158798283,35.028530841152914,3495
53101,8380.520447906523,,2054
53102,3404.26999515269,,2063
53201,1633.1125954198474,,2096
53202,1503.3430373605047,,2061
53301,5303.787168414559,85.96679512434885,4863
53302,6521.858098223615,85.70599078688878,4785
53401,7766.485852568876,3.811769998057639,2686
53402,7846.144113029827,68.93943210148316,3185
53501,14987.58019567151,88.47714613235844,3373
53502,12588.303597122302,88.40800728972182,3475
53601,8478.548812664907,,2653
53602,11816.479441720106,,2651
53701,1402.962962962963,,459
54001,7213.50747051114,83.73351424119345,3815
54002,6225.575258826652,84.947029861644,3767
54201,2237.1702127659573,,376
54501,1206.2496493688639,,1426
54601,1073.891642651297,,1735
54602,810.236171535115,,1609
55001,3575.2956613016095,85.9407012296258,2858
55002,2615.795762417506,84.47997398693896,2879
55101,888.5024218405988,85.36123094204407,2271
55102,845.3621071270474,84.6747868588775,2259
55201,4485.900196979645,62.86548328818421,1523
55202,5433.8647925033465,68.38719762537073,1494
55301,4462.865229110512,62.686164979257114,1855
55302,4496.998388829216,66.73789587087421,1862
55401,6330.4503546099295,84.20907464102581,1410
55402,6007.763829787234,83.97425175889396,1410
55501,6020.342923794712,88.54734507694401,1286
55502,5734.781322957198,88.75965253005789,1285
5901,7855.513400139827,84.45276139631598,4291
5902,6917.602219482121,34.20015117502796,4055
59501,21486.348328518365,,2423
59801,4979.726931732933,,2666
59802,4451.387962291516,,2758
59901,14059.394208313872,,2141
59902,14943.117490494296,,2630
601,13499.405629139073,85.07606308417621,2416
60101,17865.42992125984,86.23012169635572,3810
60102,19597.37665198238,85.4574844709027,3632
602,6584.592301324504,85.28245215476612,2416
60201,17714.37587971849,78.36381754682596,3126
60202,18448.560890302066,56.75838373370278,3145
603,19504.346854304637,86.06827123380083,2416
60301,7304.616883116883,,1078
60302,7706.289522058823,,1088
60401,7277.406506536941,79.02941248100257,3289
60402,8409.677814272918,84.5751383222426,3349
60601,15499.883552333484,79.09040242988975,4414
60602,20447.33933454877,79.20017216038256,4388
6100101,6562.096774193548,,31
6103201,6222.866666666667,,90
6103301,7174.011111111111,,90
6103401,6031.422222222222,,90
6103501,4509.582417582417,,91
6103601,7747.3626373626375,,91
6103701,6687.089552238806,,67
6103801,7207.518072289156,,83
6103901,7811.609195402299,,87
6104001,8991.934065934065,,91
6104101,9082.767441860466,,86
6104201,9587.164835164835,,91
6104301,4084.153846153846,,91
6104401,5246.359550561798,,89
6104501,5441.632183908046,,87
6104601,11259.164835164835,,91
6104701,5296.56043956044,,91
6104801,5076.747252747253,,91
6104901,5020.076923076923,,91
6105001,5545.417582417583,,91
6105101,3814.087912087912,,91
6105201,3962.4444444444443,,90
6105301,6108.602272727273,,88
6105401,7851.811111111111,,90
6105501,7082.0,,90
6105601,5629.078651685393,,89
6105701,18945.71212121212,,66
6105801,11912.741935483871,,62
6105901,12666.288888888888,,90
6106001,2380.0222222222224,,90
6106101,8247.055555555555,,90
6106201,4074.2444444444445,,90
6106301,9886.166666666666,,90
6106401,5725.711111111111,,90
6106501,7985.75,,4
6106601,10954.944444444445,,90
6106701,10963.277777777777,,90
6106801,4739.830508474576,,59
6106901,7271.222222222223,,90
6107001,6720.122222222222,,90
6107101,9453.511111111111,,90
6107201,9453.111111111111,,90
6107301,5640.3,,90
6107401,5668.752808988764,,89
6107501,9833.121951219513,,82
6107601,9132.433962264151,,53
6107701,9838.333333333334,,81
6107801,983.0,,91
6107901,5345.549450549451,,91
6108001,6754.725274725275,,91
6108101,5321.813186813187,,91
6108201,5417.175824175824,,91
6108301,5321.681318681319,,91
6108501,14412.122222222222,,90
6108801,14053.922222222222,,90
6109001,11614.318681318682,,91
6109101,9387.439024390244,,41
6109201,9851.348837209302,,86
6109301,13172.065934065935,,91
6109401,13427.395604395604,,91
6109501,5527.373626373626,,91
6109601,3703.6813186813188,,91
6109701,4480.736263736264,,91
6109801,4781.272727272727,,33
6109901,6717.098039215686,,51
6110001,2899.395061728395,,81
61101,11795.959195742164,85.75245158123577,3382
6110101,3108.074074074074,,81
61102,34421.89012485812,86.65915481619173,4405
6110201,4835.076923076923,,91
61103,35087.56352022711,77.53941819664804,2818
6110301,4890.615384615385,,91
61104,10757.335320417287,84.41916638135314,2684
6110601,6433.593406593406,,91
6110701,7185.384615384615,,91
6110801,9014.802197802197,,91
6111001,4102.153846153846,,91
6111101,7776.483516483517,,91
6111201,10473.010989010989,,91
6111401,5107.7032967032965,,91
6111501,9628.329670329671,,91
6111601,7024.087912087912,,91
6111701,8137.366666666667,,90
6111801,10314.384615384615,,91
6111901,8549.833333333334,,90
6112101,4391.021978021978,,91
6112201,5976.780219780219,,91
6112301,4439.274725274725,,91
6112401,5079.120879120879,,91
6112501,2615.923076923077,,91
6112601,5068.307692307692,,91
6112701,3769.934065934066,,91
6112801,3879.736263736264,,91
6112901,3161.0,,91
61201,12770.424031007751,89.05302461526115,2580
61202,39767.28709677419,,1860
61203,34400.96364265928,85.17768202421773,2888
61204,12875.700863930886,84.3035652809367,2778
61301,12848.334170854272,,3184
61302,32915.706628113876,76.55881899480559,4496
61303,34527.102372034955,67.03379349241054,4005
61304,12663.749670184696,,3032
61401,40358.911386013635,88.13763936687091,3961
61402,36265.08726931498,76.94083269868425,3197
61501,35309.25489159175,,1891
61502,35627.115091015854,,1703
6154201,50588.76711309524,,1344
6157701,36735.93130779392,71.72193908596778,1514
6157801,10926.756457564576,83.03972725047446,1355
6158401,12465.56430976431,82.20136801213118,1485
61601,1251.1055825242718,73.55350669903676,3296
61602,10689.472593183178,84.61584053843171,5017
61603,11069.55,84.73269446370098,5100
61604,1200.920450281426,70.15714395650568,5330
6169401,12678.653160453809,,1234
6169501,43167.6103476152,,1237
6169901,10865.034285714286,,175
61701,942.8693951248872,73.24117739070597,3323
61702,8738.174617667199,70.13502890737587,4381
61703,11112.27622780724,83.43215604363043,4337
61704,823.7091467427067,68.46238472778795,4559
61801,12033.141289437586,,729
61802,12370.278532608696,,736
61901,9910.830144557824,79.95256996991601,4704
61902,8359.885583023408,64.92214373180076,4571
62001,22459.53021978022,,728
6200101,13817.857142857143,,14
6200102,7121.307692307692,,13
62002,23773.596153846152,,728
6200301,9110.8,,5
6200302,8887.2,,5
6200303,5387.6,,5
6200304,10834.6,,5
6200305,13220.2,,5
6200401,1162.5,,6
6200402,4786.166666666667,,6
6200501,9630.333333333334,,6
6200502,8191.333333333333,,6
6200503,10783.833333333334,,6
6200504,14125.5,,6
6200601,12704.857142857143,,7
6200602,11043.857142857143,,7
6200801,7889.833333333333,,6
6200802,6361.5,,6
6200803,8373.666666666666,,6
6200804,8503.0,,6
62301,8367.550363935195,80.51897579613936,4259
62302,8311.916785884598,78.4294696981767,4194
62501,905.5066233441639,67.11470690010641,4001
62502,1244.51558214909,66.70784320848107,4011
62601,1039.4613841524574,,1994
62602,1500.980441323972,,1994
62701,2290.1407205982323,18.329155130178503,4413
62702,2047.4225352112676,14.573722243194638,4473
62801,8909.591242498333,79.16151141401731,4499
62802,9055.49233844104,80.72720333750658,4503
62901,6911.4052936311,89.1485585163443,4836
62902,7410.940317195325,86.31945253319266,4792
63001,8078.70423785223,74.28360283599417,4507
63002,9023.026702269693,82.59895181202891,4494
63101,18984.738900100907,72.24773712683115,3964
63102,17326.203324808183,89.34281607953893,3910
63201,5057.881578947368,77.82675957065044,3800
63202,6114.505232090153,81.72972692597367,3727
63301,3519.1238384221506,83.67872518398538,5273
63302,3345.5479793143077,83.08033829321914,5221
63601,5346.366891173343,88.55716589627654,2821
63602,41230.32365290413,88.14326969639141,2858
63603,40114.477945809704,87.89767492178659,3174
63604,8283.42574568289,73.13576717647913,3185
65001,11567.099038461538,82.9812543516167,4160
65002,10198.964876501246,75.13280520608131,4413
66001,9564.29607109448,,2138
66002,18540.98203883495,,2060
66003,19407.36896364623,,1843
66004,9695.139807897545,,1874
6610101,5525.108695652174,,184
6610102,5207.788235294118,,170
6610301,2773.1666666666665,,78
6610302,2616.5128205128203,,78
6610401,5935.521739130435,,161
6610402,5968.5,,162
6610501,4584.296774193548,,155
6610502,4381.993630573248,,157
6610601,4780.104575163398,,153
6610602,4681.763636363637,,165
6610701,1223.8967741935485,,155
6610702,1566.6451612903227,,155
6610801,133.225,,80
6610802,1470.6470588235295,,136
6610901,9780.362869198312,,237
6610902,10417.358870967742,,248
6611001,2182.5529411764705,,170
6611002,2070.4011627906975,,172
6611101,3261.381443298969,,194
6611102,2824.726804123711,,194
6611201,2436.435582822086,,163
6611202,2498.122699386503,,163
6611401,5343.612903225807,,62
6611402,5264.833333333333,,54
6611601,6125.679738562091,,153
6611602,5716.763513513513,,148
6611701,1887.7820512820513,,156
6611702,1834.8974358974358,,156
6611901,4045.912408759124,,137
6611902,3850.134328358209,,134
6612001,4129.444444444444,,144
6612002,3680.062937062937,,143
6612101,4789.742857142857,,35
6612102,4846.428571428572,,35
6612201,4052.8545454545456,,165
6612202,4106.6882352941175,,170
6612301,3503.436046511628,,172
6612302,3673.3801169590643,,171
6612401,9396.614285714286,,140
6612402,9295.835714285715,,140
6612601,7105.798319327731,,119
6612701,10470.67543859649,,114
6612702,6604.3421052631575,,114
6612801,10583.888888888889,,63
6612802,6519.603174603175,,63
6612901,10733.791666666666,,96
6612902,5844.552083333333,,96
6613001,10148.475862068966,,145
6613002,5329.201388888889,,144
6613101,3560.986394557823,,147
6613102,3510.5646258503402,,147
6613201,6901.742432288901,89.02342214130948,1883
6613202,7164.729872881356,86.93093985259206,1888
6613301,22729.563344594593,80.50398539470784,1184
6613302,25283.07179054054,86.44383075564026,1184
6613501,24403.41068876822,90.13902365200867,3499
6613502,23002.532262609187,87.245664463692,3549
6613701,12035.511154219204,,1031
6613702,12156.21505376344,,744
6613901,8095.854430379747,,158
6613902,6262.816326530612,,147
6614301,9180.324324324325,,148
6614302,11075.486666666666,,150
6614701,7718.893939393939,,132
6614702,1491.1224489795918,,98
6614801,3468.8533333333335,,150
6614802,8447.335403726707,,161
6615201,4361.67511700468,89.07082151979621,2564
6615202,4457.86783625731,88.77262853291704,2565
6615301,9166.71153228397,90.31449351272279,3113
6615401,5474.732142857143,,56
6615402,5439.0,,56
6615701,5271.357020057307,,1745
6615702,5661.139835487662,,1702
6616001,8665.68274111675,,394
6616002,7861.639303482587,,402
6616201,4243.5569193003985,77.89849344926496,3259
6616202,4648.218010915706,77.81923066709274,3298
6624101,5379.506849315068,,146
6624102,89.48648648648648,,148
6624201,5408.575342465753,,146
6624202,5391.54794520548,,146
6650101,4421.535947712418,,153
6650102,4750.359756097561,,164
6650201,6623.98,,100
6650202,6673.051020408163,,98
6650401,1289.0740740740741,,189
6650402,1294.7566137566137,,189
6650501,1246.2918660287082,,209
6650502,1272.9205607476636,,214
6650601,1058.6989795918366,,196
6650602,1091.280612244898,,196
6650701,7310.5084745762715,,177
6650702,5744.024,,125
6650801,5260.805128205128,,195
6650802,5328.076923076923,,195
6650901,5560.768656716418,,134
6650902,4254.451923076923,,104
6651001,10601.60891089109,,202
6651002,11812.976635514018,,214
6651201,2198.246987951807,,166
6651202,2354.921686746988,,166
6651301,6638.2211981566825,,434
6651302,6607.3163972286375,,433
6651401,2582.031746031746,,189
6651402,2532.8351063829787,,188
6651501,4287.14450867052,,173
6651502,4365.953488372093,,172
6651601,1550.2763157894738,,152
6651602,1438.4144736842106,,152
6651701,3213.137931034483,,87
6651702,2849.080459770115,,87
6651801,11617.611111111111,,180
6651802,20747.348066298342,,181
6651901,9145.89592760181,,221
6651902,8210.210045662101,,219
6652001,4196.605263157895,,190
6652002,3752.5945945945946,,185
6652201,15160.934640522875,,153
6652202,13936.69540229885,,174
6652401,5317.864701942398,87.04189882131251,2986
6652402,6102.243820975284,88.22428088147602,2994
6652501,12951.353522336769,86.2869940930508,2328
6652502,11201.23768366465,86.02924730660888,2314
6652701,3817.512483130904,87.81240269307716,2964
6652702,3958.8330422633603,88.45596233861582,2863
6652901,3273.5260416666665,83.44010033764263,2112
6652902,3210.4482071713146,82.13133181483589,2008
6653001,3989.9521358723623,,1943
6653002,4087.6555118110236,,2032
6653101,3503.051470588235,,680
6653102,3638.616618075802,,686
6653201,5120.660828025478,,628
6653202,3986.041533546326,,626
6653301,5557.211125158028,85.50862740693876,3164
6653302,6023.769965001591,83.10291795009329,3143
6653401,5667.116527942925,,841
6653402,4972.518299881936,,847
6653701,6677.718181818182,,660
6653702,7000.757164404224,,663
6653801,4416.28497251069,85.66524468927801,3274
6653802,3896.083055471355,86.5892524174229,3299
6653901,4343.603884842179,87.48410180182454,2883
6653902,4197.036305956997,85.90488429693298,2837
6654001,3486.234750462107,,541
6654002,3960.429389312977,,524
6654301,4356.743362831859,,339
6654302,5013.690104166667,,384
6654401,3134.8663780663783,85.05808056846205,3465
6654402,3183.307140808718,84.66150882981488,3487
6654501,3266.0908717105262,82.87504091180377,2432
6654502,3431.9751758378156,81.81066327830824,2417
6654601,8128.970130416491,91.79126824962667,2377
6654602,7419.097416349005,91.76978832060118,2361
6654701,6892.958990536277,,634
6654702,6304.037444933921,,454
6654801,3925.8571428571427,,595
6654802,3678.778523489933,,596
6654901,4367.476190476191,,84
6654902,4506.761904761905,,84
6655101,1942.0062015503877,,645
6655102,1692.0878274268105,,649
6655201,4843.7828947368425,,152
6655202,4649.302013422819,,149
6655401,4667.004166666667,,480
6655402,4363.904397705545,,523
6655601,8227.298008991651,93.21500830547672,1557
6655602,6991.978050355067,93.42492972904815,1549
6655701,4593.8076,85.06279985530364,2500
6655702,5038.888128772636,87.04795869696596,2485
6655801,9700.52596212584,,1637
6655802,9899.300669507,,1643
6655901,12451.845029239767,,342
6655902,11547.260073260073,,546
6656201,3634.6741379310347,,580
6656202,3576.4635416666665,,576
6656301,1651.6746242263484,,1131
6656302,1292.6179205409974,,1183
6656401,1577.6666666666667,,15
6656402,3328.3486842105262,,152
6656501,6696.033717105263,89.06987030478668,2432
6656502,6949.182300163132,89.36208555987582,2452
6656701,7502.603970223325,81.68724972547479,2015
6656702,7834.4253214638975,81.70545093869406,2022
6656901,6729.812527765437,87.4346830155201,2251
6656902,5935.33623853211,86.06825993180928,2180
6657101,4083.5454545454545,,869
6657102,4859.328125,,896
6657201,3041.2939255388633,85.48003672267437,3062
6657202,2447.720265085455,16.850801471602377,2867
6657301,8723.916139240506,,632
6657302,8891.779342723004,,639
6657401,8854.492631578947,90.96725532546287,3325
6657402,8930.188185140074,90.54166409109601,3284
6657601,3856.2609375,,640
6657602,5920.567521367521,,585
6657801,5440.707953063885,,767
6657802,4997.539559014267,,771
6658001,6315.776748104465,18.72483572826128,1187
6658002,6750.754222972973,19.04893591872341,1184
6658201,2182.904347826087,88.55694000260408,805
6658202,2397.978802992519,86.35467607566152,802
6658401,1895.7846153846153,,195
6658402,1873.298969072165,,194
6658601,827.8436018957347,,211
6658602,750.4502369668246,,211
6658701,1008.7867298578199,,211
6658702,1055.7061611374409,,211
6658801,4216.662239089184,86.44541273044578,3162
6658802,4160.787139689579,86.96572852373934,3157
6659101,2556.512,,500
6659102,2328.889961389961,,518
6659201,1553.6985645933014,,627
6659202,2325.438016528926,,605
6659301,3007.55,,580
6659302,2877.7128205128206,,195
6659401,2678.148936170213,,141
6659402,2391.822695035461,,141
6659501,4728.914009661836,,1035
6659502,4270.703598484848,,1056
6659601,14589.307092751364,86.38769075392328,2566
6659602,15248.075241698192,85.85754534606643,2379
6659701,4675.802845528456,,984
6659702,4675.887733887734,,962
6659801,2038.7332835263355,85.44527626684497,2677
6659802,2796.2217541171963,85.81611630606177,2611
6659901,1723.7721746960829,86.48053434130979,2221
6659902,1860.016283524904,86.03251090590564,2088
6660001,4169.374301675977,,179
6660002,4212.468926553673,,177
6660401,3100.7197452229298,,157
6660402,3448.0573248407645,,157
6660501,3602.624113475177,,141
6660502,2627.684210526316,,38
6660601,5674.671428571429,,140
6660602,5303.156028368794,,141
6660701,3164.218309859155,,142
6660702,3229.8391608391607,,143
6660901,4147.102880658436,,486
6660902,3891.256959314775,,467
6661001,2370.4473540643753,7.00083466726201,1833
6661002,3039.4907778668803,85.76698870988047,2494
6661101,4550.447012802276,83.53470814820379,2812
6661102,4842.037457044674,81.98180891187796,2910
6661201,7101.568316831683,,505
6661202,7607.290909090909,,495
6661301,2442.4208754208753,,594
6661302,412.9418604651163,,602
6661401,2176.371951219512,,164
6661402,2037.7411764705882,,170
6661601,1789.8926174496644,,149
6661602,1792.0738255033557,,149
6661701,11413.9234793983,91.19824596309847,3058
6661702,11339.949770190413,91.16435604884698,3046
6661901,2735.9305555555557,,144
6661902,2785.0,,145
6662001,3214.784053156146,,602
6662002,2889.073409461664,,613
6662101,3683.27304964539,89.05905458895302,2820
6662102,4671.291800930899,89.67865738375903,2793
6662201,1143.6818181818182,,176
6662202,1121.153409090909,,176
6662501,3960.29203539823,,565
6662502,6883.654205607477,,535
6662701,2633.0,,137
6662702,2663.4379562043796,,137
6662801,5899.417112299465,,187
6662802,6125.631016042781,,187
6663001,7421.24219858156,85.83281779208762,2820
6663002,6357.3108493932905,86.39862507884219,2802
6663101,2551.175675675676,,222
6663102,2639.971544715447,,246
6663201,4353.9426751592355,,157
6663202,3959.43125,,160
6663301,1197.314238952537,87.72208230970182,3055
6663302,1376.8123953098827,68.66379542752483,2388
6663401,8824.424074074073,,540
6663402,9026.931608133087,,541
6663601,5228.131868131868,87.24056211537999,2730
6663602,4756.702267739575,5.509835567622835,1367
6663701,5555.0675675675675,,592
6663702,5713.046210720887,,541
6663801,8385.209899516189,70.44367411244606,2687
6663802,6796.9378277153555,72.8701161716072,2670
6664601,2099.2066666666665,,150
6664602,2377.633333333333,,150
6664701,4490.047493403694,91.38797659344257,1516
6664702,4364.149380300065,91.66688082744038,1533
6688801,1054.5963302752293,,109
6688802,1003.394495412844,,109
6761501,2047.6785857774207,,2489
6761502,2218.9992545657847,,2683
68301,13251.720107962214,79.13361396228602,3705
68302,8098.616161616162,84.15975875696168,3168
68401,3911.0663865546217,85.71062559965037,3570
68402,3737.4369958275383,85.91830885983418,3595
68501,12320.262456832757,81.14808050100665,4054
7001,19630.617370892018,,852
7002,20197.014150943396,,848
7005201,2596.7216981132074,,212
7005202,2716.7169811320755,,212
7005301,2008.9375,,48
7005302,1957.4285714285713,,49
7005601,3273.5651720542232,,959
7005602,3218.3771739130434,,920
701,24907.646250490772,89.61596109587715,5094
70101,5348.436551305404,80.84593148390857,4941
70102,31580.547339757017,69.53108371120797,4774
702,25190.4963740458,61.29592334160441,5240
70201,9655.672131147541,78.96257493445025,2867
70202,34158.661059413025,88.36957170900958,2794
70301,4288.780212899186,78.45185240351508,4791
70401,7817.531737193764,67.765157731882,3592
70402,2234.9442417926,74.92732821102922,3838
70501,4848.09926547744,73.76190349541665,4765
70502,2867.2263950774454,81.03971832921037,4713
70601,3015.2742718446602,83.00086561285225,4120
70602,3354.916747104247,83.01824669924778,4144
70701,3415.7050898203593,69.41487267555269,5344
70702,2328.744728079911,78.31306056165681,5406
7070201,48.21917808219178,,73
7070202,2.8983050847457625,,59
70801,5423.171031655659,63.65132486784796,4391
70802,3572.0303748384317,71.2144220113157,4642
70901,1595.6396666666667,4.120445415397335,3000
70902,1620.9335818366656,4.192732083406648,2951
7101,19923.29175764192,68.74223688919201,3664
7101901,9221.829268292682,,41
7101902,9056.634146341463,,41
7102,20692.332140117618,70.13275880135241,3911
71201,13113.446147473074,87.06302490897683,4828
71202,14953.698293799418,89.03194210726909,4806
71301,6268.73178807947,73.51045935342079,5134
71401,7392.917272338606,85.52177053303039,4678
71402,6074.654278984559,83.04921076126192,3821
71501,7234.048234280793,83.43433638527155,4644
71502,10145.840310746655,86.4027734050051,4634
71503,8179.579727685325,2.703952274422073,3305
71504,7729.611958511287,2.597804166616719,3278
71701,3528.851078320091,76.1221408256414,4405
71702,3948.4549817184643,76.01665872706879,4376
7201,23391.07763975155,83.51059837520955,4186
7202,24633.438143036386,78.29821674341322,3985
7300301,22194.565217391304,,46
7300302,20027.91304347826,,46
7301,19050.898288666453,79.32447962549699,3097
7302,21632.251991502922,82.99441681990677,3766
7341601,775.625,,8
7341602,756.25,,8
73501,7973.401253918495,85.16014712782027,5423
73502,8314.735381199112,83.37657960460973,5404
7378901,4059.214285714286,,14
7378902,3966.0,,14
74001,7464.528099715722,81.74862335262601,4573
74002,6178.220412595006,85.73170060280715,4605
7401,6287.954162384378,81.52588964846915,4865
7402,3223.7342584921294,84.2806381745746,4828
7467601,302.2857142857143,,7
7467602,291.57142857142856,,7
7467701,413.14285714285717,,7
7467702,428.85714285714283,,7
7467801,5058.153846153846,,13
7467802,7279.0,,13
7467901,1776.8125,,16
7467902,1785.8125,,16
7468101,1231.0,,16
7468102,1203.375,,16
7468201,301.11475409836066,,61
7468202,301.65,,60
7468301,295.6666666666667,,6
7468302,302.5,,6
7468401,732.5208333333334,,48
7468402,709.4791666666666,,48
7468501,4892.846153846154,,13
7468502,4968.7692307692305,,13
7468601,3672.3684210526317,,19
7468602,3568.0526315789475,,19
7468801,91.0,,13
7468802,109.46153846153847,,13
7468901,519.8,,5
7468902,485.4,,5
7469001,187.76923076923077,,13
7469002,183.76923076923077,,13
7469101,183.3846153846154,,13
7469102,174.84615384615384,,13
7469201,755.0,,8
7469202,765.0,,8
7469301,408.125,,8
7469302,396.0,,8
7469401,329.625,,8
7469402,312.125,,8
7469501,636.4666666666667,,15
7469502,718.6666666666666,,15
7470001,222.92857142857142,,14
7470002,219.28571428571428,,14
7470101,146.38095238095238,,21
7470102,148.33333333333334,,21
7470201,4941.380952380952,,21
7470202,4938.428571428572,,21
7470301,460.2857142857143,,7
7470302,460.2857142857143,,7
7470401,42.38461538461539,,13
7470402,54.357142857142854,,14
7470501,3430.923076923077,,13
7470502,3149.769230769231,,13
7470601,1189.25,,20
7470701,4420.313725490196,,153
7470702,4121.973856209151,,153
7470801,6543.392156862745,,153
7470802,6087.326797385621,,153
7470901,9995.470588235294,,153
7470902,10001.869281045752,,153
7471001,4652.549019607844,,153
7471002,4499.895424836602,,153
7471101,1313.0,,8
7471102,1468.375,,8
747130301,4616.866666666667,96.49649206034027,15
747130302,4055.6,95.88836757017195,15
747130401,6058.388888888889,97.08523937540461,18
747130501,2452.769230769231,97.48508773952724,13
747130502,2274.6923076923076,97.74593256468506,13
747130601,78.15384615384616,78.67185270478583,13
747130602,80.0,80.48444859642981,13
747130801,955.875,98.57613996944411,8
747130802,958.5,98.72122022999964,8
747130901,456.68,81.5693310964898,25
747130902,484.92,83.37657073306725,25
747131001,738.25,94.48750091526466,16
747131002,655.1875,93.37206729140185,16
747131101,487.375,93.47598826048369,16
747131102,581.5625,94.36679394208068,16
747131201,830.0,97.48820151673414,8
747131202,808.625,97.24245744801661,8
747131301,567.0,91.96129089275853,20
747131302,565.7,92.25000492521612,20
747131401,70.15384615384616,79.66101482618325,13
747131402,69.84615384615384,79.91444804323154,13
7510701,986.3,,20
7510702,1015.1,,20
7601,8018.875991348234,83.02167504796098,4161
7602,8067.011255627814,85.12479037187487,3998
76062901,6091.0,,7
76062902,5264.142857142857,,7
76063001,481.85714285714283,,7
76063002,473.7142857142857,,7
76063101,3473.285714285714,,7
76063102,3548.8571428571427,,7
7901301,9.378048780487806,,82
7901302,8.518072289156626,,83
800001,6872.123362445415,82.29532963349503,916
800002,9861.870087336245,90.96547761324004,916
8001,6848.010113519092,87.214147930428,4845
800101,4952.766666666666,88.98404236549653,960
800102,7569.405208333334,91.35994293759468,960
8002,6399.627730717789,67.083223553305,4486
801,9409.671125694094,28.657234345310343,3962
80101,841.1684286400769,40.50300361276399,4162
80102,461.0687780666509,22.964823938264587,4231
802,9510.640589333887,87.52957596183563,4819
80401,268.9130434782609,88.6860009722682,46
80402,327.95652173913044,91.42458078029419,46
80501,735.695652173913,92.97102109177371,46
80502,928.5434782608696,94.39738344731178,46
80601,7299.815217391304,93.89496143646198,92
80602,6141.728260869565,93.87838123440007,92
80701,8065.55,96.21222354726982,20
80702,6570.5,97.05599696167455,20
80801,45.14782608695652,50.7230540503916,115
80802,91.11304347826086,58.43990953202865,115
80901,13.052083333333334,39.267265217895265,96
80902,63.50485436893204,47.58838598971838,103
81001,208.45217391304348,72.25411720329346,115
81002,330.4173913043478,84.93490456394434,115
81101,227.2086956521739,86.1901711740385,115
81102,345.295652173913,86.00286816138103,115
817401,4567.983505154639,86.42261304073979,4850
817402,4792.225102880659,85.42777402633544,4860
880001,54.594885598923284,63.0624788681244,743
880002,55.20540540540541,62.40494710019532,740
8801,13870.549694614103,,1801
880101,37.46884498480243,52.37616993549989,1316
880102,34.93693009118541,49.964448904757546,1316
8802,13146.921857923497,,1830
880201,1489.2095310136158,76.81031684144573,1322
880202,1701.5983358547655,75.69144363864078,1322
880301,31.15473441108545,45.83994535861164,1299
880302,32.961479198767336,49.72250374087295,1298
880401,412.4209265175719,72.56310573832675,1252
880402,431.5672,74.8932083397351,1250
880501,1700.745341614907,68.10361006715355,483
880502,1647.9028925619834,67.43547621434867,484
880601,428.7401515151515,67.24980150910078,1320
880602,472.89613343442,64.69678103092797,1319
880701,601.7515151515152,56.973581177844046,1320
880702,571.7592732778198,58.22595932329691,1321
880801,539.5935162094763,72.42657444809929,1203
880802,485.3050706566916,69.03548942623699,1203
880901,42.674257425742574,51.49761710596015,1010
880902,30.545094152626362,51.45351706160635,1009
881001,98.89176090468497,62.75110054196413,1238
881002,123.20272435897436,66.17066464831308,1248
881101,147.3739837398374,72.10155875612482,1107
881102,141.67628494138864,71.56936167889329,1109
881201,72.92051030421982,64.93681286740294,1019
881202,88.72745098039216,67.3210062572221,1020
881301,1136.70202020202,86.2390392184816,1188
881302,1026.3260320134793,85.58444296676883,1187
881401,772.3875838926175,84.3264622986398,1192
881402,813.0619765494138,84.07824295690114,1194
881501,1359.712591240876,86.61851445057124,1096
881502,1449.367458866545,85.749804798554,1094
881601,536.1870907390085,77.83383877929543,1069
881602,750.1642335766423,82.40406889225667,1096
881701,1346.694568121104,85.56689305760167,1123
881702,1372.7141585040072,85.4002236931056,1123
881801,610.9517426273459,80.74167722468842,1119
881802,827.7560321715818,82.6499514225505,1119
881901,1487.1638468388246,86.1753495818693,1123
881902,1136.7666963490651,85.48569633884064,1123
882001,892.1960252935862,83.13792774965268,1107
882002,961.2700993676604,84.48171759008221,1107
882101,4.851063829787234,37.656767005604216,47
882102,14.823529411764707,50.546802239527906,51
882103,20.5,59.24246827047451,24
882104,27.208333333333332,68.40691679148568,24
882105,90.5906103286385,57.93071625059116,1065
882106,101.21087160262418,52.72310869877049,1067
882201,1.875,60.229885057471265,32
882202,1.35,62.857142857142854,20
882203,146.66666666666666,68.33085744351156,1200
882204,112.4825,64.26784409710115,1200
882301,55.54545454545455,64.49397110732036,1199
882302,39.770833333333336,57.67254161771133,1200
882303,77.18997361477572,46.68419982018576,1137
882304,55.00260869565217,38.91958424372671,1150
882401,1062.0131950989633,80.2450691330198,1061
882403,1006.4199623352166,81.47630222222654,1062
882501,19.332278481012658,44.2674735729443,948
882502,20.04113924050633,41.24187469666143,948
882601,288.2772177419355,42.543427927008125,992
882602,248.37636544190664,36.2307351870685,1007
882701,62.45296803652968,59.80240518756052,1095
882702,78.73467520585544,65.60248466204018,1093
882801,3962.1714285714284,87.49488857356688,35
882802,3970.8571428571427,86.42502571704388,35
882901,2.888888888888889,43.41459774793108,324
882902,2.444933920704846,47.02159344750559,227
883001,17.870253164556964,31.145608004066784,948
883002,17.956705385427668,31.325096172836215,947
883101,149.27413127413126,71.89782974199457,1036
883102,163.46660212971926,73.50756480996648,1033
883201,182.252408477842,69.99796732644697,1038
883202,186.29701060752168,68.58808364353817,1037
883301,166.55944055944056,60.21299772139558,1001
883302,144.02994011976048,58.34263171712143,1002
883401,68.9090909090909,61.906821905193695,1012
883402,57.14229249011858,58.467120937631094,1012
883501,119.01592039800995,63.51007424274208,1005
883502,244.6393280632411,65.16627955200939,1012
883503,291.09288537549406,62.13146549564782,1012
883504,300.2193675889328,61.340798606316454,1012
883701,151.54695222405272,74.42303229958492,607
883702,142.15841584158414,76.48598866287121,606
883801,437.42529989094874,74.97055181017403,917
883802,277.50708833151583,70.78457032296488,917
883803,477.84170305676855,76.86223922882265,916
883804,314.45664105378705,69.27224241818608,911
883901,19.35396308360478,34.346994266984495,921
883902,16.18063112078346,37.00799436720439,919
884001,17.465060240963854,37.45216621545459,830
884002,15.48547215496368,34.41631376155918,826
884101,39.477045908183634,38.09451998702103,501
884102,42.69539078156313,34.95891506890102,499
884103,21.330628803245435,40.09619100943717,493
884104,18.754563894523326,36.26147107879221,493
884201,54.17663817663818,54.47884055824146,702
884202,54.46011396011396,54.80086917829431,702
884301,304.4918389553863,54.59473053305946,919
884302,300.93051031487516,54.72941325000248,921
884601,168.42092457420924,69.5611803933275,411
884602,166.01937046004844,71.73931050021937,413
884701,127.96168582375479,45.86250935948997,261
884702,112.47908745247149,46.99564095724818,263
884801,575.5974025974026,84.85627111272323,231
884802,711.982683982684,84.84309538995349,231
884901,643.109756097561,67.37605255112435,902
884902,576.9634146341464,66.8710518186012,902
885001,160.73925104022192,64.51832007370011,721
885002,139.58068965517242,60.267039314340195,725
885101,288.1298245614035,76.70641662477698,570
885102,271.3491228070175,74.75796628002333,570
885201,214.75034482758622,75.28409059601711,725
885202,201.72099447513813,74.7523814731577,724
885301,58.269576379974325,52.54619650286052,779
885302,58.95774647887324,56.90595091297378,781
885401,54.70218228498074,59.5169360185623,779
885402,59.20437017994858,49.48694479680954,778
885501,141.17247097844114,75.25718280599423,603
885502,134.07615894039736,76.68129301751745,604
885601,716.2787794729543,81.1898486115536,721
885602,533.5977808599168,78.48556814183064,721
885701,571.4011142061281,76.53216961710216,718
885702,578.7493036211699,77.68949316705856,718
885801,106.85274725274725,77.24678782427588,455
885802,112.46593406593406,78.03185580835738,455
885901,55.377443609022556,60.48506374233351,665
885902,56.50526315789474,62.20637822987733,665
890001,1360.7623616236162,57.93371494296997,1355
890002,1621.9103703703704,57.20505030775806,1350
8901,10138.203555555556,76.48791971622568,4500
890101,622.0799716914366,70.45973813848414,1413
890102,520.508486562942,70.53761067427772,1414
8902,6495.5394596894275,44.719935876055274,4701
890201,940.6896845694799,60.73605133629572,1173
890202,852.7508532423208,64.41330219192682,1172
890301,1136.395588235294,67.6850572623458,1360
890302,1260.3406754772393,67.62669534272524,1362
890401,446.0148247978437,60.19973511292352,1484
890402,556.0316285329744,59.491699396574454,1486
890501,1247.76707530648,54.2213735083722,1142
890502,1024.932574430823,62.31204637062751,1142
890601,74.37174982431483,66.81884091768723,1423
890602,97.61194029850746,69.15275582261897,1407
890701,336.6170058139535,44.04055102270689,1376
890702,134.22418670438472,39.02404086802466,1414
890801,675.8777385159011,59.41980203309754,1415
890802,579.4031117397454,64.0868925729216,1414
890901,190.48823529411766,,170
890902,196.9171597633136,,169
891001,88.67647058823529,,170
891002,76.98823529411764,,170
891301,1888.2666666666667,56.042328022019234,1260
891302,100.69465020576132,18.82753907575289,1215
891401,504.1803394625177,57.49374347175841,1414
891402,475.1181046676096,54.91885913807818,1414
891501,9.452513966480447,30.605548968401248,1074
891502,2.424089068825911,27.681159420289852,988
891601,3636.225923244026,59.62961149468901,1381
891602,1713.0612516644474,77.56013671210833,751
891701,10.036429872495447,38.38645295643206,549
891702,15.93235831809872,32.27789603055362,547
891801,108.67158671586716,61.92495494606112,542
891802,108.3736059479554,60.75705712127004,538
891901,25.12846347607053,52.98237158794225,397
891902,32.876574307304786,55.033924151198796,397
892001,152.51498127340824,64.96914284946243,534
892002,136.54716981132074,64.64412426805995,530
892101,106.58518518518518,62.19151641839787,540
892102,118.2756052141527,65.20766573592981,537
892201,329.3776223776224,,143
892202,350.7762237762238,,143
892301,143.73282442748092,,131
892302,168.1908396946565,,131
892401,304.41984732824426,,131
892402,278.03846153846155,,130
892501,131.1027397260274,,146
892502,68.54794520547945,,146
892601,692.4964028776978,,139
892602,580.8129496402878,,139
892701,509.9527027027027,,148
892702,457.0810810810811,,148
892801,7.901408450704225,,142
892802,10.73103448275862,,145
892901,22.047619047619047,,21
892902,26.047619047619047,,21
893001,27.5,,24
893002,12.947368421052632,,19
901,11028.374405209115,30.05922083074227,3993
902,11721.259155645981,25.88647021955404,3932
960001,6.381944444444445,45.85348987324183,720
960002,8.813186813186814,43.02519742169757,728
960003,1.7637362637362637,49.155499367888744,182
960004,19.01349527665317,37.678584980938076,741
960101,14.24980959634425,47.67245387108553,1313
960102,7.588189588189588,45.36392076853782,1287
960201,174.30864197530863,69.88260438361723,1296
960202,161.50577367205543,67.82857853793085,1299
960301,79.1368909512761,61.81803592673005,1293
960302,91.1811145510836,62.502957145603986,1292
960303,1.187214611872146,55.582655826558266,219
960304,12.945131375579598,36.45266690368553,1294
960401,185.58092948717947,67.02549875652272,1248
960402,174.28044871794873,59.02559253699617,1248
960501,60.88932806324111,45.57516471995564,506
960502,61.91056910569106,47.434600028044606,492
960601,76.62920489296636,55.14366221824328,1308
960602,60.95744680851064,25.51381227687415,1034
960701,42.90826521344233,15.843246185428532,1101
960702,118.81673003802281,58.99167439337171,1315
960801,14.611295681063122,41.04830299659885,1204
960802,11.9375,41.35190016897862,1200
960901,21.504486540378863,44.194145010804334,1003
960902,22.03012048192771,44.167828952134904,996
961001,55.579409417398246,56.84414118822135,1253
961002,60.42402545743835,56.817449970327246,1257
961101,31.03870387038704,50.57830995048557,1111
961102,39.538599640933576,53.65205574518774,1114
961201,10.429556650246305,37.457346574402756,1015
961202,14.384313725490196,38.284110865253474,1020
961301,113.19139966273187,72.21577579204866,1186
961302,95.50884582982309,68.53005475936789,1187
961401,86.20184254606365,69.29317351992579,1194
961402,93.50753768844221,70.85211680363292,1194
961501,80.81752484191509,68.84380539007891,1107
961502,23.312217194570135,46.936512125904386,1105
961601,10.162260711030083,39.47430039591495,1097
961602,71.31970935513169,65.16686344811177,1101
961701,87.37099644128114,70.68885011718075,1124
961702,26.505777777777777,47.73849603845987,1125
961801,13.655357142857143,40.567989832525164,1120
961802,64.62511130899377,63.95693059846055,1123
961901,77.03650934995548,68.30102571897054,1123
961902,31.290925266903916,53.63698293545345,1124
962001,30.175406871609404,52.04604572905969,1106
962002,72.65855855855855,66.22164469644926,1110
962101,13.314072693383038,37.67122843413976,1073
962102,3.409090909090909,33.411764705882355,44
962103,3.761904761904762,55.331649831649834,21
962104,3.5217391304347827,48.16666666666667,23
962105,52.2151431209603,48.25905168179618,1083
962106,55.00370713623726,44.57810638427733,1079
962201,16.51851851851852,39.31012188192295,1188
962202,4.134177215189873,35.058615742429495,395
962203,47.729549248747915,57.081886417766015,1198
962204,36.69616026711185,51.33256696078922,1198
962301,41.747491638795985,55.507702010736665,1196
962302,1.7785145888594165,43.55555555555556,754
962303,39.59425190194421,54.41900461714297,1183
962304,3.7425373134328357,36.50063172121996,1072
962305,3.230874316939891,38.123407109322606,732
962306,7.192648922686946,37.157469085173226,789
962307,7.867459643160577,36.95885693882298,1177
962308,11.41027801179444,38.715549300674866,1187
962401,30.82929104477612,39.496636900554854,1072
962402,12.673933649289099,34.79696827804819,1055
962403,28.877094972067038,42.714667224327506,1074
962404,8.469811320754717,36.164129389287076,1060
962501,19.15740740740741,42.930180201123235,972
962502,23.06763787721124,42.57103487289254,961
962601,15.234817813765183,24.65929840676547,988
962602,26.480863591756624,46.566721079747474,1019
962701,13.198347107438016,37.88993300232285,1089
962702,14.403476669716376,44.135510133548934,1093
962801,151.40816326530611,67.51781083366376,49
962802,174.85714285714286,69.8643501272451,49
962901,8.054495912806539,40.748928579183314,367
962902,5.180515759312321,41.31888735593993,349
963001,24.96455424274973,36.75385382732478,931
963002,20.721627408993577,33.255215814790105,934
963101,55.956563706563706,60.98011966329052,1036
963102,54.388621022179365,59.45858067585706,1037
963201,136.1521099116781,65.1736811971612,1019
963202,144.2852912142152,64.4268024734858,1013
963301,1.2222222222222223,70.37037037037038,9
963302,10.26120218579235,32.48047265439352,915
963303,51.340748230535894,47.3681212419823,989
963304,60.447821681864234,47.22801320475394,987
963401,16.441,36.64913584664162,1000
963402,13.94277108433735,34.30271723293064,996
963501,14.960985626283367,35.3366812128716,974
963502,14.279835390946502,36.43553236094871,972
963503,32.676737160120844,43.183469701040565,993
963504,33.04343434343434,41.24422958394797,990
963701,57.69558101472995,65.41010934839501,611
963702,44.9885433715221,60.110485420521385,611
963801,153.72258771929825,69.76349383238204,912
963802,66.72295805739515,61.40614684560873,906
963803,172.2290076335878,69.08017969312357,917
963804,76.76238738738739,63.05162015759518,888
963901,4.809859154929577,37.17170107332379,852
963902,4.671963677639047,39.12592983224953,881
964001,3.8707865168539324,35.84916479680878,712
964002,3.7945205479452055,36.81185274673647,730
964101,54.860416666666666,52.78645354013062,480
964102,55.45606694560669,53.54258548925774,478
964103,2.4367088607594938,48.014053101269894,316
964104,2.3225806451612905,41.3578257141935,372
964201,32.79658605974395,50.25897167094675,703
964202,29.776988636363637,48.61785331002172,704
964601,67.93969849246231,61.522379335898265,398
964602,65.85929648241206,61.22320996708226,398
964701,61.99145299145299,63.76425983041634,117
964702,17.862204724409448,47.56615937861974,254
964801,75.69396551724138,77.20886731416815,232
964802,83.54310344827586,77.4086658390676,232
964901,60.652281134401974,51.359867907215474,811
964902,58.40618101545254,60.6144583628553,906
965001,5.8092399403874815,37.918176652296744,671
965002,6.965785381026438,37.92545654803045,643
965003,29.685314685314687,43.317859271235555,715
965004,32.95688456189151,47.44764477835734,719
965101,13.714031971580818,37.99080312815257,563
965102,2.9712460063897765,39.88009964253058,313
965103,6.838078291814947,45.2819307689668,562
965104,5.268382352941177,43.93949094123164,544
965201,15.130434782608695,41.22044740977578,736
965202,21.880434782608695,47.87620131761916,736
965301,17.73738680465718,34.554071331985895,773
965302,19.456774193548387,32.06126027819019,775
965401,30.99482535575679,47.25462287960812,773
965402,34.510996119016816,44.81164583605487,773
965501,27.68567026194145,45.27163314353636,649
965502,29.026275115919628,47.851595808360635,647
965503,5.106312292358804,40.97487436622446,602
965504,7.481788079470198,39.03828162157558,604
965505,9.325657894736842,34.63196937251049,608
965506,3.6964285714285716,36.59268687867304,448
965603,37.62690707350902,56.48981446050182,721
965604,22.46879334257975,49.05922921149354,721
965701,28.10335195530726,45.4972236137766,716
965702,31.464335664335664,46.94500670524757,715
965801,35.569476082004556,53.661526615983036,439
965802,41.42953020134228,57.657474237728366,447
965901,12.943251533742332,34.82394155806193,652
965902,13.803981623277183,37.635711281200784,653
970001,31.104895104895103,,143
970002,30.755244755244757,,143
970201,62.89261744966443,,149
970202,60.14,,150
970301,63.13513513513514,,148
970302,66.29054054054055,,148
970501,42.60958904109589,,146
970502,21.13013698630137,,146
970601,107.27633779264214,55.707321355609366,2392
970602,115.39293139293139,55.25988514938127,2405
970701,190.61870503597123,,139
970702,182.11510791366908,,139
970801,25.85135135135135,,148
970802,34.013513513513516,,148
970901,76.55029585798816,,169
970902,81.6,,170
971001,134.89411764705883,,170
971002,86.1556886227545,,167
971101,42.58561643835616,,292
971102,42.63231850117096,,427
971201,16.89618138424821,,838
971202,10.636038186157517,,838
971301,105.54502814258912,52.017291475870586,2132
971302,16.239255649091714,28.501688311693385,2257
971401,25.832,34.25637782478039,2375
971402,15.969301934398654,32.30488708005236,2378
971501,8.346898263027295,26.294698621262825,2015
971502,4.766106442577031,27.75362448009507,1428
971503,13.822183858437635,29.00854349996096,2317
971601,330.2802738553701,47.127615464056234,2337
971602,121.53016591251885,40.14151246423161,1326
971603,36.77156549520767,,626
971701,1.2608695652173914,73.14102564102565,69
971702,1.1363636363636365,85.12820512820514,44
971801,3.701492537313433,37.52474323062559,402
971802,7.517819706498952,29.740265470347666,477
971901,11.229333333333333,44.10195843857298,375
971902,13.371794871794872,42.970863928419114,390
972001,58.145719489981786,54.95304238482107,549
972002,72.19160583941606,61.721104069517644,548
972101,18.45205479452055,,146
972102,20.986301369863014,,146
972201,34.00869565217391,,115
972202,31.269565217391303,,115
972301,86.17400881057269,39.91358924204508,2270
972302,130.49911190053285,23.871278660020106,2252
972401,124.49468085106383,23.03261494316501,2256
972402,83.39320822162645,38.731883648078764,2238
972501,75.34719049794427,27.26715722319536,2189
972502,51.803555555555555,42.75344953317156,2250
972601,24.765524625267666,35.07755030709014,1868
972602,7.8626342566421705,33.44493967711417,1769
972701,45.34298780487805,22.410473845462,1968
972702,46.5707019328586,29.31303542997577,1966
972801,19.342691622103388,39.33722344562699,2244
972802,10.16945323090827,32.61851710537903,2213
972803,13.551702786377708,35.558559170878375,1615
972804,18.542257865515115,37.6974927396889,1621
972901,114.80804547442064,65.19181119016557,2287
972902,48.718962585034014,50.95658422623405,2352
972903,117.82056798623064,65.75335924465624,2324
972904,25.96612296110414,39.91427641692711,2391
973001,8.936719758932416,26.74725377622249,2323
973002,7.727972626176219,24.363525441506823,2338
973101,14.525919732441471,27.17842200479688,2392
973102,14.025876460767947,25.881355008885308,2396
973201,24.03297769156159,,1031
973202,25.796332046332047,31.28065134099617,1036
973301,26.782375478927204,37.1316196394565,2610
973302,26.108346094946402,41.853318897758236,2612
973401,34.13219741480611,15.624439345976104,1702
973402,27.83284968078932,14.579114575370092,1723
973501,53.94391332058636,32.11507745414734,1569
973502,47.13853092783505,24.290766659571283,1552
973601,18.558433734939758,23.26667778156296,1660
973602,11.73738062755798,25.803586660841997,1466
973603,11.326968973747016,28.46787899804504,1676
973604,9.476389719067543,27.07956587163308,1673
973701,21.346409173204588,32.288930386969604,1657
973702,21.1145958986731,27.162837784338343,1658
973801,9.45878016085791,34.34807076574194,2984
973802,9.531166219839141,34.2998442393235,2984
973901,207.35756630265212,71.48654534756533,3205
973902,223.45060766593954,70.53604161090689,3209
974001,179.93300093487068,68.42858150614789,3209
974002,168.58698372966208,64.47118590962218,3196
974101,178.43521308652603,67.22639564363926,2323
974102,149.24251626898047,64.71301064272097,2305
974201,30.586283802620574,34.510568534788966,3587
974202,24.659192825112108,29.854393289311073,3568
974203,14.404011461318051,,349
974204,19.571428571428573,,280
974301,13.3287841191067,27.824356913555622,2418
974302,20.302496930004093,33.09811891438986,2443
974401,44.64408209165027,40.12166044538162,3557
974402,34.49943661971831,36.87388728142216,3550
974501,62.67169373549884,33.393368771980526,1724
974502,44.351118760757316,32.323413925803436,1743
974601,22.02786069651741,31.871700118141042,2010
974602,48.50176144942124,37.94337697098409,1987
974801,137.58062519343855,59.77401515712499,3231
974803,12.56636528028933,32.897619399391786,2765
974804,22.664348462664716,32.03518582632954,2732
974901,145.05018157807856,65.22036340080922,3029
974903,21.360677083333332,26.315888518487032,1536
974904,37.194708276797826,25.88895342052341,1474
975001,47.74702380952381,,672
975002,46.313559322033896,,472
975003,40.54661016949152,,472
975004,26.529787234042555,,470
975005,5.788209606986899,,458
975006,8.222222222222221,,468
975101,16.53902847571189,27.815400579143436,2985
975102,17.56063150822976,25.57343593113588,2977
975201,60.26394230769231,40.75636647629899,4160
975202,51.16923447279731,45.71183327687488,4154
975203,48.05631313131313,39.655137498340764,3960
975204,63.77357539082199,47.54045012001,3966
975301,100.29565816678154,47.356338073356824,1451
975302,118.75081967213114,51.99266557002352,1525
975401,11.87572875115066,32.10973579490073,3259
975402,9.350061199510403,34.31536344611979,3268
975501,31.611079383209596,,1751
975502,77.86449399656946,,1749
975503,38.039021852237255,,1922
975504,33.81038961038961,,1925
975505,16.84913294797688,,1730
975506,23.095238095238095,,504
975601,30.179290254237287,38.09303319370494,3776
975602,21.685554668794893,31.43829066180666,3759
975701,53.88813735691988,48.60108865024582,3844
975702,57.49623082921757,28.059923379007532,3847
975801,9.391203703703704,,432
975802,28.339055793991417,,466
975803,2.9367945823927766,,443
975804,2.1243654822335025,,394
975901,37.80687355732239,47.158195790893075,3899
975902,36.85125680228038,31.028153165203438,3859
976001,94.22722283205269,43.207089379429995,2733
976002,80.2212340188994,,1799
976003,37.28101265822785,22.76371467034836,2370
976004,29.661094860008358,27.719124078749363,2393
976005,57.3627960716349,,1731
976006,22.16702819956616,,1844
976101,32.85628318584071,14.377317497236335,2825
976102,109.24798033017211,39.652766160381624,2847
976201,7.018540527691942,33.946058785543315,4207
976202,13.477604903347478,34.27490292523098,4242
976203,24.364755107063747,26.049972763081914,4063
976204,25.029754204398447,24.323780737331735,3865
976205,16.395028957528957,27.2507555192027,4144
976206,49.57798816568047,26.386187765629476,4225
976301,44.39905548996458,35.231256264320805,1694
976302,51.691605839416056,28.197180225358313,1644
976303,30.840802390098165,24.577985777939837,2343
976305,16.387119603680112,31.34540802326496,2826
976401,2.5804851157662623,28.814587373410905,1814
976402,3.401346452615225,27.38560411311054,1931
976403,45.45960264900662,39.87886605891617,3020
976501,62.39965095986038,20.67590911001115,4011
976502,91.5107296137339,44.30734528732592,3961
976503,16.251555555555555,,2250
976504,69.45950359242325,52.76198207672781,3062
976601,10.799912434325744,,2284
976602,7.596877869605143,,2178
976603,34.03728813559322,,1180
976604,66.05282005371531,,1117
976605,50.226579520697165,,2295
976606,55.79616895874263,,2036
976701,5.983466013472137,33.635718521282726,4899
976702,4.158696118378726,31.88889729175595,4663
976801,16.714636140637776,29.65880841497879,3669
976802,16.355270344074277,32.518725198603164,3662
976901,28.866796200345423,49.24223673013873,4632
976902,31.070379965457686,47.015809716903924,4632
977001,6.538093815357036,28.357821143499866,3347
977002,8.501784651992862,26.275340525215213,3362
977003,10.293821638244339,29.922850374023966,3577
977004,12.739322127307798,31.196378076361437,3629
977101,6.185159972770593,,2938
977102,20.229497354497354,,3024
977103,18.812994722955146,,3032
977104,20.61070959264126,,3044
977105,23.3715505913272,,3044
977201,344.43222094361334,64.3040547563654,4345
977202,328.3311288483466,65.55038356661362,4385
977301,166.08125556544968,58.58693844060368,4492
977302,127.90188261351052,52.44613082185463,4515
977401,182.55350815024806,69.57308298863187,2822
977402,173.44354269583627,68.1850237984756,2834
977501,14.05327281414238,33.85121682371899,4186
977502,13.763918757467145,33.41269034470108,4185
977503,5.7058968665186285,32.134761381921734,4053
977504,5.520408163265306,30.99006740903796,4018
977601,104.6441307578009,,1346
977602,12.568840579710145,,1380
977603,40.34077855775367,,1567
977604,31.55477258167841,,1561
977605,130.35839929639403,,2274
977606,126.56143667296786,,1587
977701,6.892906815020862,,2876
977702,16.594405594405593,,2717
977703,14.35257518147252,,2893
977704,47.28689655172414,,2900
977705,5.167110164981373,,1879
977706,5.021598272138229,,1852
977801,47.17576419213974,35.09957966084045,916
977802,39.57350427350428,28.724082773832386,1170
977803,4.877380952380952,,840
977804,6.449704142011834,,845
977805,6.112945264986968,,1151
977806,5.8045574057844,,1141
977901,61.082772277227726,16.23849693236152,2525
977902,38.20600676818951,27.61523215853674,2364
977903,43.340314136125656,28.60172303998161,2865
977904,42.85337138779879,28.88021189849102,2803
977905,5.710007581501137,13.147343451964279,2638
977906,8.195364238410596,16.01025581190318,2718
978001,66.34894398530763,,1089
978002,58.355496453900706,,1128
978003,8.895408163265307,,784
978004,8.945876288659793,,776
978005,11.941340782122905,,1074
978006,7.76333021515435,,1069
978101,47.661327231121284,,874
978103,57.67861409796894,,837
978105,20.008836524300442,,679
978106,6.053149606299213,,508
978107,19.295369211514394,,799
978108,14.97055057618438,,781
978201,22.42775229357798,,2616
978202,23.167874856924836,,2621
978301,79.88736420811892,,1749
978302,58.362185389809696,,1629
978303,91.08462732919254,48.82876049328757,1288
978305,30.47035040431267,,1484
978306,10.646404744255003,,1349
978401,21.10810071154899,30.98085753133592,3654
978402,26.7264228759967,34.772860475785166,3637
978501,34.799292661361626,15.241935483870968,3393
978502,37.53732664502803,14.359788359788359,3389
978503,2.301970992934176,25.770469338814664,2689
978504,3.1257831325301204,26.455345911949685,2075
978601,17.549326738114868,23.60788316270337,3639
978602,16.61904761904762,22.310248255280182,3654
978603,79.93556085918854,48.35674951477318,3771
978701,36.53865475858219,13.359326037407714,3583
978702,36.90150014152279,15.086275939178382,3533
978703,87.56043312847527,39.105812213393364,3417
978801,84.3345641025641,32.847637140398454,4875
978802,38.80519742143433,45.549910273627496,4964
978901,23.40107671601615,,2229
978902,15.010786516853933,,2225
978903,45.37692307692308,,2210
978904,48.4304932735426,,2230
978905,27.921418949259092,,2227
978906,27.652115211521153,,2222
979001,57.17102137767221,29.758809107261172,3789
979002,56.856617647058826,29.9975022354511,3808
979003,22.19491035280509,41.99675547995057,1729
979004,24.14988425925926,40.7739033440421,1728
979101,24.037852293766715,32.27607241924691,4861
979102,39.35962209899363,34.03620934869647,4869
979201,25.77083851704404,35.37829666687999,4019
979202,27.090635199598292,26.055206740545568,3983
979203,56.73966550962449,45.11271299759894,3169
979204,58.40906230333543,43.53956460195643,3178
979301,34.1500904159132,36.107757581213846,4424
979302,43.10601915184679,33.20896395549479,4386
979303,28.687213114754098,34.27910236758045,4575
979304,52.55292817679558,47.711239375069965,4525
979401,68.37110746897682,6.383305673366525,4271
979402,68.22071751009742,7.92515911356491,4209
979403,30.043552519214348,12.615852686290848,3513
979404,32.40046498111014,12.806647923326661,3441
979405,15.276909132109676,23.93183221992047,4413
979406,14.459128065395095,27.178851076812396,4404
979501,19.271359484148306,15.000611507695966,1861
979502,16.022093634928986,25.99341818724366,1901
979503,19.607289527720738,26.196493627301198,1948
979504,27.665618748213774,27.85999525885005,3499
979505,58.51839258114374,25.847110968283083,3235
979506,42.66009557945042,17.37481773749726,3348
979601,35.549019607843135,16.26425091353211,4029
979602,51.5792762301484,19.774964861446993,3841
979603,22.25161059413028,,2794
979604,14.753639010189229,,2748
979605,103.95121347201585,47.58446853227523,4038
979606,68.11281567146565,38.51330088107705,4237
979801,99.46184403094293,59.00287914789723,4783
979802,104.56523560209425,59.008401139813394,4775
979901,3.1073781291172597,17.6984381257509,1518
979902,5.579881656804734,21.512718573943065,1859
979903,3.6895657809462086,21.376197647802588,1543
979904,6.465702036441586,21.820478348188352,1866
979905,29.0688591983556,,1946
979906,43.71435871231477,,1957
980001,31.43107956667912,,2677
980002,20.74888558692422,,2692
980003,37.19248466257669,21.776046438645427,1304
980004,16.561985596707817,24.220220352453808,3888
980101,136.07945544554457,47.68783010822526,4040
980102,92.89734688817258,50.37011250961175,4033
980103,29.497284453496267,,2946
980104,29.052489905787347,30.52004218548168,3715
980201,12.544533333333334,32.012043640974,3750
980202,7.874036672867393,34.48060948064978,3763
980203,33.126650366748166,40.26031462911754,4090
980204,33.52556887692684,38.887885938438735,4087
980205,26.718665685553102,19.653224949116172,4077
980206,40.82836185819071,24.50994821107973,4090
980301,24.307889822595705,32.05601156365894,4284
980302,8.00409638554217,30.004651980525317,4150
980401,33.0921052631579,,684
980402,18.063142437591775,,681
980501,80.95535714285714,35.64158528103686,4144
980502,78.51050470900749,37.47476806199704,4141
980503,65.86721504112809,41.099580123424374,4255
980504,67.80884081824594,40.23063837389788,4253
980505,154.4503311258278,,151
980601,70.2130371449381,,2746
980602,106.81481481481481,,2700
980701,32.02300884955752,,2260
980702,29.526714345814053,,2377
980801,11.54951600893522,,2686
980802,11.199925539836187,,2686
980901,85.58365331870543,44.013241175055676,3646
980902,75.50097411633732,41.11362916258209,3593
981001,26.89225,21.89167502982573,4000
981002,23.81289189867068,21.13269348870714,3987
981101,4.558107487367938,,2177
981102,7.55804248861912,,2636
981103,18.84080370942813,,2588
981104,4.4671086180520145,,1961
981105,7.695414387883887,,2377
981106,26.56893995552261,,2698
981201,51.070335693080615,43.026286953110315,4379
981202,58.75074319689001,51.274774451318386,4373
981301,11.473003123605533,30.16518434681949,4482
981302,7.942857142857143,31.00451951745775,4410
981401,15.96256073163761,26.691969066465862,3499
981402,14.206176203451408,28.249141282761844,3303
981501,16.72722111836503,,3523
981502,19.522707797772064,,3501
981503,52.583380601247875,,3526
981504,48.86504161712247,,3364
981505,33.251641791044776,,3350
981506,33.94722719141324,,3354
981601,21.01790510295434,35.69010652103469,3351
981602,46.29625223081499,38.1370083119976,3362
981603,20.126321647189762,33.585630712333256,3594
981605,33.28996819890142,42.91847844504518,3459
981701,11.987712243074172,32.95729494990518,4476
981702,13.389224234294657,32.121336718033334,4473
981703,177.86191247974068,27.25196682719498,3085
981705,28.717117117117116,25.614035087719298,1665
981801,80.92627412172192,,2021
981802,48.39972714870396,,1466
981803,132.09098939929328,,2264
981805,100.33539221741816,,1619
981901,9.362409638554217,,2075
981902,3.991383679675621,,1973
981903,14.128393665158372,,1768
981905,37.475,25.302331144428422,2840
982001,16.665109034267914,,1926
982002,14.068893528183716,,1916
982003,29.852501289324394,,1939
982005,30.533333333333335,,1935
982101,1.2857142857142858,,7
982102,4.7894736842105265,,19
982201,129.68851934761753,43.85575849730865,3127
982202,127.59278350515464,43.0803292918978,3104
982301,14.575867635189669,,2478
982302,18.520650263620386,,2276
982401,3.753985351141749,23.70042587246044,2321
982402,21.399078341013826,12.719939295018172,2170
982403,22.058082859463852,19.704220259093155,2462
982404,32.6828631138976,15.757672052543848,1914
982405,4.958207669108143,21.971539456662356,2321
982406,4.62572318647085,21.854002106371773,2247
982407,40.36709384042993,34.817902626339205,2419
982408,33.8701406120761,33.13544065947239,2418
982501,19.64328564836179,21.583827028379567,4334
982502,27.07824074074074,31.038043907750776,4320
982701,26.17058823529412,27.458699203302803,3060
982702,22.514073115496604,26.29977087744583,3091
982901,59.07872340425532,21.576545870183732,4230
982902,47.57716851808083,26.691590894430085,4231
983001,39.72157894736842,,1900
983002,28.6860772895712,,1889
983101,47.18073438245112,,2097
983102,42.729674796747965,,1968
983201,31.300099950024986,36.57602644837222,4002
983202,35.26573774570789,35.79363343018021,4019
983301,22.541459957476967,23.65960673638683,4233
983302,28.407100591715977,18.402629147662886,4225
983401,13.869902426820115,28.49600317994296,3997
983402,35.23978952643448,36.81503152284561,3991
983501,70.7785051827605,,1833
983601,90.44915461896593,47.41555525829448,4081
983602,120.01933856502242,36.510980988440856,3568
983701,47.87898973077991,34.659644353817725,3603
983702,123.7120665742025,28.86119229749299,3605
983801,36.554848966613676,32.214055125812806,3774
983802,41.41435605079036,32.06922078997,3859
984101,101.64942159383034,28.28567436932105,3112
984102,73.32336510023003,22.153051428433226,3043
984201,58.36641221374046,45.165939115554245,3013
984202,66.09947124917383,48.54363290503593,3026
984203,59.94012829650748,41.61615813789694,2806
984204,64.5252849002849,42.81254763928591,2808
984205,57.51353790613718,42.11199867366508,3324
984206,48.06585365853658,41.1190365352156,3280
984207,38.51605995717345,40.169711080640596,2335
984208,26.13141862489121,36.24303625885008,2298
984301,101.01233737101839,59.192207496330354,4458
984302,135.47165850244926,46.258210180575816,4287
984303,81.30324675324675,,3080
984304,51.58907209828645,,3093
984501,31.20822500590877,8.669778472169869,4231
984502,36.356343727683885,18.059879265953565,4201
984601,37.646942410449235,43.965579314485204,5053
984602,35.491045069868136,35.02170631363453,5081
984701,48.44121603443637,,3717
984801,37.587705352411234,58.54519238844635,1887
984802,39.578356858487155,,2763
985001,9.466356589147287,,3225
985301,127.41725888324873,54.741589920494384,3940
985302,85.43346774193549,49.19267205079272,3968
985401,86.79982106911206,11.822183213352217,4471
985402,86.64569759604584,11.478336486394578,4451
985501,13.102947646282447,,2273
985502,14.393617021276595,,2256
985801,23.049651383900276,34.27983290817843,4733
985802,24.985879873551106,37.52648464900637,4745
985901,119.13643996641478,60.53350388583383,4764
985902,92.66115533782404,44.08343922959812,4899
986001,21.307953340402968,25.523788385188947,4715
986002,23.5932131495228,27.82089580892137,4715
986201,94.71655247024883,39.43646426056445,2773
986202,67.79017695919104,29.570136546025864,2769
986301,7.018867924528302,18.828125,3498
986302,7.6964237698305995,24.146685270652213,3719
986401,28.381633594831566,,2167
986402,38.796279069767444,,2150
986501,56.861459100957994,,1357
986502,12.416073968705547,,1406
986601,133.34574069447913,52.00409846119061,4003
986602,110.29033915724563,,1946
986701,18.96132596685083,,905
986702,27.509413067552604,,903
986703,31.03030303030303,,726
986704,28.24396782841823,,746
986901,17.392258673589804,17.320575677769515,4237
986902,23.64200700116686,19.28979007025138,4285
987001,37.33180478218146,26.434856997601035,3053
987002,30.105740987983978,25.90210111265618,3745
987101,14.301409820126398,,2057
987102,13.252068126520681,,2055
987201,71.11428571428571,28.51982401709204,3465
987202,56.62204270051933,27.49390889662428,3466
987301,18.02619871478003,,2023
987302,17.15377176015474,,2068
987401,22.41176470588235,76.09854198089492,17
987402,25.705882352941178,80.99719887955182,17
987501,27.2944,,3125
987502,32.47451106123758,,3119
987601,56.86941935483871,49.94817344973687,3875
987602,53.651758014477764,49.887165111372134,3868
987701,54.92165898617512,22.715332521899235,3689
987702,65.70135983263599,30.168512090114508,3824
987801,21.004225352112677,,2130
987802,22.32238385734397,,2131
987901,56.32909181636727,50.08484195256849,4008
987902,43.32626590172113,46.236261832114046,4009
988101,172.38023952095807,,668
988102,130.9176646706587,,668
988201,89.43300359712231,39.87053857934247,4448
988202,68.31351955307262,42.05314826351527,4475
988301,164.7709228824273,56.065797533143055,3955
988302,94.08705642073015,44.82325918431537,3917
988501,86.8131333603567,54.99193820726477,4934
988502,82.05778588807786,31.104496560037493,4932
988601,38.61547726588377,29.26092987866698,3321
988602,59.10945618288881,29.956425504918432,2887
988701,22.91478066499022,27.96817886732464,3579
988702,61.818027787190786,26.522690889309402,2951
988801,61.53335266821346,39.35108595520915,3448
988802,49.75259403372244,44.43320277478644,3084
988901,45.86459023635962,41.71024811220502,4527
988902,22.557983942908116,32.454621734034895,4484
989101,13.0180859080633,19.58387709752473,2654
989102,21.188299817184642,25.936667132325514,2735
989201,33.79649055884036,27.440978545981025,5243
989202,41.2355380468588,26.577581804340262,4823
989301,24.062305295950157,21.500420530265316,3210
989302,31.752073732718895,13.269586629986915,3255
989401,43.705553615089066,,2863
989402,38.162766329025494,,2863
989501,24.486855670103093,38.48889970788448,3880
989502,21.1866527632951,40.08945432337202,3836
989601,43.7497608570882,44.82785493719535,5227
989602,42.26484295845998,45.29847569707829,4935
989701,23.943589743589744,,1560
989702,14.017948717948718,,1560
989703,10.467957276368491,,1498
989704,7.531799729364005,,1478
989705,14.891622340425531,,1504
989706,9.690046760187041,,1497
989901,47.325888051668464,39.25024155998551,3716
989902,79.33158813263525,,573
990101,107.60529634300126,,1586
990201,29.362545018007204,,833
990202,25.068376068376068,,819
990401,63.77090334058114,30.335123979361803,5059
990402,59.25572441742654,29.41030644505304,4935
990501,79.50899631476263,52.90293034735536,4613
990502,66.29562201993932,53.39674052968791,4614
990701,158.08904374758032,,2583
990702,138.48760650658403,,2582
990901,25.246969696969696,,1320
991301,56.576797385620914,50.0057176056897,3060
991302,55.0192873488068,48.866847721751824,3059
992201,74.07508833922262,,2264
992202,83.51441241685144,,2255
992501,24.885714285714286,,3360
992502,23.330950253202264,,3357
992701,9.923076923076923,,13
992801,53.08688524590164,44.07544241400171,3660
992802,48.90501459273017,44.4604768781126,3769
993001,118.60211061168654,63.73809867293489,5117
993002,106.78003586371787,56.555745674488435,5019
993301,157.7021723896286,71.47810547268527,1427
993302,340.252094972067,57.87625063503491,1432
993303,28.029893238434163,28.093629334617102,1405
993304,103.03544127866574,41.98317960975794,1439
995201,65.61609686609687,27.166773135177458,4212
995202,40.06353722143196,20.380138052531695,4218
995501,54.81234866828087,41.33988985129384,4956
995601,57.07829181494662,28.587074979727134,4496
995701,93.85842064911833,61.31070991424637,3913
995702,105.2797619047619,61.857384822970374,3528
995703,4.401320132013201,22.645437382001262,3030
995704,4.0799462546187435,24.40656814449918,2977
995901,39.019121447028425,,1935
996001,17.0382894082546,,2011
996002,18.898060666335155,,2011
996801,79.86730911786509,28.099684826580976,4047
996802,64.73551080550098,22.81050563627394,4072
996901,15.22728498247506,20.282790839139974,3709
997001,103.58791385406622,,3111
997002,115.38039974210187,,3102
997201,36.87152317880795,,1510
997202,38.00990099009901,,1515
997401,68.58356807511737,6.416646886620777,4260
997402,68.0813704496788,7.970079043763254,4203
997501,93.00545702592088,4.565783760312636,3665
997502,92.47666390499862,4.122944145904576,3621
998501,61.34654234654235,27.10675717338206,5148
998502,28.82983274990276,23.878635749726516,5142
998601,28.29101358411703,,1914
998602,49.71026814911707,,1529
999001,284.0776846915461,,1313
999002,292.46916299559473,,1362
999101,110.82584856396866,33.96888001081897,3830
999102,121.63315864697475,33.456020894974124,4198
999201,86.19705469845722,,2852
999301,54.66749585406302,,2412
999302,38.075493171471926,48.56631707108544,2636
999401,89.21125730994152,41.24209164049053,4104
999402,129.64102564102564,44.204476635568824,4095
999501,82.24474231569216,45.93538586788601,4327
999502,59.127955493741304,46.319220851458184,4314
999601,78.0425469483568,38.17363262812333,3408
999602,218.01891252955082,31.528068009609722,2961
999903,103.56780803451065,49.51044843392392,3709
999904,163.76378393506857,56.72423136566806,3573
